fecha,a√±o,mes,indice_confianza
1999-01-01,1999,1,-23.4
1999-01-01,1999,1,-23.4
1999-01-01,1999,1,-3.4
1999-01-01,1999,1,-3.9
1999-01-01,1999,1,93.2
1999-01-01,1999,1,-7
1999-01-01,1999,1,-8.8
1999-01-01,1999,1,-60.9
1999-01-01,1999,1,-65.2
1999-01-01,1999,1,2
1999-01-01,1999,1,1.1
1999-02-01,1999,2,-22.8
1999-02-01,1999,2,-23.7
1999-02-01,1999,2,-5.3
1999-02-01,1999,2,-5.5
1999-02-01,1999,2,92.2
1999-02-01,1999,2,-7.4
1999-02-01,1999,2,-9.8
1999-02-01,1999,2,-55.5
1999-02-01,1999,2,-59.4
1999-02-01,1999,2,-0.4
1999-02-01,1999,2,0.7
1999-03-01,1999,3,-22.3
1999-03-01,1999,3,-22.6
1999-03-01,1999,3,-8
1999-03-01,1999,3,-7.7
1999-03-01,1999,3,92.6
1999-03-01,1999,3,-4.7
1999-03-01,1999,3,-7.7
1999-03-01,1999,3,-68.8
1999-03-01,1999,3,-62.9
1999-03-01,1999,3,-3
1999-03-01,1999,3,-2.2
1999-04-01,1999,4,-24.3
1999-04-01,1999,4,-25.8
1999-04-01,1999,4,-9.3
1999-04-01,1999,4,-9.3
1999-04-01,1999,4,91.1
1999-04-01,1999,4,-7.9
1999-04-01,1999,4,-9.3
1999-04-01,1999,4,-66.6
1999-04-01,1999,4,-66
1999-04-01,1999,4,2.4
1999-04-01,1999,4,0.5
1999-05-01,1999,5,-19.3
1999-05-01,1999,5,-19.2
1999-05-01,1999,5,-9.2
1999-05-01,1999,5,-10.2
1999-05-01,1999,5,94.9
1999-05-01,1999,5,-5.9
1999-05-01,1999,5,-5.8
1999-05-01,1999,5,-48.2
1999-05-01,1999,5,-55.4
1999-05-01,1999,5,2.8
1999-05-01,1999,5,0.2
1999-06-01,1999,6,-23.8
1999-06-01,1999,6,-24.1
1999-06-01,1999,6,-5.8
1999-06-01,1999,6,-6.8
1999-06-01,1999,6,100.8
1999-06-01,1999,6,-2.1
1999-06-01,1999,6,-1.1
1999-06-01,1999,6,-51.2
1999-06-01,1999,6,-54.7
1999-06-01,1999,6,3.2
1999-06-01,1999,6,3.9
1999-07-01,1999,7,-25.3
1999-07-01,1999,7,-25.6
1999-07-01,1999,7,-6.9
1999-07-01,1999,7,-7.7
1999-07-01,1999,7,101.9
1999-07-01,1999,7,-0.3
1999-07-01,1999,7,0
1999-07-01,1999,7,-56.9
1999-07-01,1999,7,-54.2
1999-07-01,1999,7,1.9
1999-07-01,1999,7,5.8
1999-08-01,1999,8,-26.2
1999-08-01,1999,8,-26.8
1999-08-01,1999,8,-6.9
1999-08-01,1999,8,-7.6
1999-08-01,1999,8,103.4
1999-08-01,1999,8,-0.6
1999-08-01,1999,8,0.2
1999-08-01,1999,8,-52.5
1999-08-01,1999,8,-50.3
1999-08-01,1999,8,9.4
1999-08-01,1999,8,11.1
1999-09-01,1999,9,-21.2
1999-09-01,1999,9,-21.1
1999-09-01,1999,9,-7.7
1999-09-01,1999,9,-7.7
1999-09-01,1999,9,105.8
1999-09-01,1999,9,2
1999-09-01,1999,9,1.8
1999-09-01,1999,9,-50.3
1999-09-01,1999,9,-45.1
1999-09-01,1999,9,16.6
1999-09-01,1999,9,17.5
1999-10-01,1999,10,-13.6
1999-10-01,1999,10,-13
1999-10-01,1999,10,-7.2
1999-10-01,1999,10,-5.6
1999-10-01,1999,10,110.7
1999-10-01,1999,10,1.5
1999-10-01,1999,10,4
1999-10-01,1999,10,-48.3
1999-10-01,1999,10,-47
1999-10-01,1999,10,24
1999-10-01,1999,10,23.2
1999-11-01,1999,11,-13.1
1999-11-01,1999,11,-12.2
1999-11-01,1999,11,-7.1
1999-11-01,1999,11,-5.9
1999-11-01,1999,11,111.8
1999-11-01,1999,11,1.8
1999-11-01,1999,11,5.3
1999-11-01,1999,11,-46.1
1999-11-01,1999,11,-47.1
1999-11-01,1999,11,21.4
1999-11-01,1999,11,23
1999-12-01,1999,12,-7.5
1999-12-01,1999,12,-5.5
1999-12-01,1999,12,-6.5
1999-12-01,1999,12,-5.4
1999-12-01,1999,12,114.2
1999-12-01,1999,12,6.5
1999-12-01,1999,12,7
1999-12-01,1999,12,-53.5
1999-12-01,1999,12,-51.4
1999-12-01,1999,12,18.8
1999-12-01,1999,12,21.6
2000-01-01,2000,1,-9.4
2000-01-01,2000,1,-9.4
2000-01-01,2000,1,-1.9
2000-01-01,2000,1,-2.3
2000-01-01,2000,1,118.3
2000-01-01,2000,1,10.9
2000-01-01,2000,1,9.2
2000-01-01,2000,1,-13.8
2000-01-01,2000,1,-18.5
2000-01-01,2000,1,21.4
2000-01-01,2000,1,21
2000-02-01,2000,2,-6.7
2000-02-01,2000,2,-7.5
2000-02-01,2000,2,-4
2000-02-01,2000,2,-4.2
2000-02-01,2000,2,120.7
2000-02-01,2000,2,11.5
2000-02-01,2000,2,9
2000-02-01,2000,2,27.6
2000-02-01,2000,2,25
2000-02-01,2000,2,25.1
2000-02-01,2000,2,23.8
2000-03-01,2000,3,-11.5
2000-03-01,2000,3,-11.8
2000-03-01,2000,3,-5.8
2000-03-01,2000,3,-5.4
2000-03-01,2000,3,119
2000-03-01,2000,3,13.3
2000-03-01,2000,3,10.6
2000-03-01,2000,3,-16
2000-03-01,2000,3,-10.9
2000-03-01,2000,3,29
2000-03-01,2000,3,26.9
2000-04-01,2000,4,-11.3
2000-04-01,2000,4,-12.7
2000-04-01,2000,4,-4.8
2000-04-01,2000,4,-4.8
2000-04-01,2000,4,122
2000-04-01,2000,4,11.3
2000-04-01,2000,4,10.2
2000-04-01,2000,4,10.2
2000-04-01,2000,4,10.5
2000-04-01,2000,4,32.7
2000-04-01,2000,4,30.5
2000-05-01,2000,5,-5
2000-05-01,2000,5,-4.9
2000-05-01,2000,5,-5.8
2000-05-01,2000,5,-6.7
2000-05-01,2000,5,123.7
2000-05-01,2000,5,12.2
2000-05-01,2000,5,11.5
2000-05-01,2000,5,33.3
2000-05-01,2000,5,26
2000-05-01,2000,5,31.1
2000-05-01,2000,5,29
2000-06-01,2000,6,-6.6
2000-06-01,2000,6,-7
2000-06-01,2000,6,-5.1
2000-06-01,2000,6,-6.1
2000-06-01,2000,6,120.9
2000-06-01,2000,6,9.1
2000-06-01,2000,6,10.4
2000-06-01,2000,6,-10.9
2000-06-01,2000,6,-14.1
2000-06-01,2000,6,29.6
2000-06-01,2000,6,30.5
2000-07-01,2000,7,-5.1
2000-07-01,2000,7,-5.5
2000-07-01,2000,7,-4.6
2000-07-01,2000,7,-5.4
2000-07-01,2000,7,116.6
2000-07-01,2000,7,10.8
2000-07-01,2000,7,11.2
2000-07-01,2000,7,-25.8
2000-07-01,2000,7,-23.3
2000-07-01,2000,7,16.3
2000-07-01,2000,7,19.7
2000-08-01,2000,8,-5
2000-08-01,2000,8,-5.5
2000-08-01,2000,8,-3.5
2000-08-01,2000,8,-4.2
2000-08-01,2000,8,117.3
2000-08-01,2000,8,7.9
2000-08-01,2000,8,8.7
2000-08-01,2000,8,-9
2000-08-01,2000,8,-6.6
2000-08-01,2000,8,18
2000-08-01,2000,8,19.4
2000-09-01,2000,9,-2.2
2000-09-01,2000,9,-2.1
2000-09-01,2000,9,-7.7
2000-09-01,2000,9,-7.6
2000-09-01,2000,9,114
2000-09-01,2000,9,9.8
2000-09-01,2000,9,9.2
2000-09-01,2000,9,-35.1
2000-09-01,2000,9,-30.3
2000-09-01,2000,9,19.7
2000-09-01,2000,9,20.2
2000-10-01,2000,10,-6.5
2000-10-01,2000,10,-5.9
2000-10-01,2000,10,-5
2000-10-01,2000,10,-3.5
2000-10-01,2000,10,116.1
2000-10-01,2000,10,5.3
2000-10-01,2000,10,8
2000-10-01,2000,10,-12.1
2000-10-01,2000,10,-10.1
2000-10-01,2000,10,23.3
2000-10-01,2000,10,22.2
2000-11-01,2000,11,-3.2
2000-11-01,2000,11,-2.3
2000-11-01,2000,11,-6.9
2000-11-01,2000,11,-5.7
2000-11-01,2000,11,115.5
2000-11-01,2000,11,4.4
2000-11-01,2000,11,7.9
2000-11-01,2000,11,-0.9
2000-11-01,2000,11,-2.3
2000-11-01,2000,11,20
2000-11-01,2000,11,20.6
2000-12-01,2000,12,-3.8
2000-12-01,2000,12,-1.7
2000-12-01,2000,12,-5.7
2000-12-01,2000,12,-4.7
2000-12-01,2000,12,116.4
2000-12-01,2000,12,7.7
2000-12-01,2000,12,8.5
2000-12-01,2000,12,-20.9
2000-12-01,2000,12,-18.4
2000-12-01,2000,12,16.6
2000-12-01,2000,12,19.3
2001-01-01,2001,1,-3.3
2001-01-01,2001,1,-3.4
2001-01-01,2001,1,-4.3
2001-01-01,2001,1,-4.8
2001-01-01,2001,1,114.8
2001-01-01,2001,1,6.6
2001-01-01,2001,1,5
2001-01-01,2001,1,0.4
2001-01-01,2001,1,-5
2001-01-01,2001,1,25.5
2001-01-01,2001,1,26.5
2001-02-01,2001,2,-6.1
2001-02-01,2001,2,-6.9
2001-02-01,2001,2,-5.3
2001-02-01,2001,2,-5.5
2001-02-01,2001,2,111.5
2001-02-01,2001,2,4
2001-02-01,2001,2,1.5
2001-02-01,2001,2,3.2
2001-02-01,2001,2,1.5
2001-02-01,2001,2,26
2001-02-01,2001,2,24.5
2001-03-01,2001,3,3.6
2001-03-01,2001,3,3.3
2001-03-01,2001,3,-5.5
2001-03-01,2001,3,-5.2
2001-03-01,2001,3,109.8
2001-03-01,2001,3,1.4
2001-03-01,2001,3,-1
2001-03-01,2001,3,2.7
2001-03-01,2001,3,6.6
2001-03-01,2001,3,26.6
2001-03-01,2001,3,22.3
2001-04-01,2001,4,-3.2
2001-04-01,2001,4,-4.6
2001-04-01,2001,4,-5.2
2001-04-01,2001,4,-5.2
2001-04-01,2001,4,103.1
2001-04-01,2001,4,0
2001-04-01,2001,4,-1.4
2001-04-01,2001,4,-2.5
2001-04-01,2001,4,-2.3
2001-04-01,2001,4,11.6
2001-04-01,2001,4,9
2001-05-01,2001,5,-0.5
2001-05-01,2001,5,-0.4
2001-05-01,2001,5,-2.1
2001-05-01,2001,5,-3
2001-05-01,2001,5,104.9
2001-05-01,2001,5,0.8
2001-05-01,2001,5,-0.1
2001-05-01,2001,5,-5.5
2001-05-01,2001,5,-11.1
2001-05-01,2001,5,11.1
2001-05-01,2001,5,9.4
2001-06-01,2001,6,-3.9
2001-06-01,2001,6,-4.3
2001-06-01,2001,6,-0.5
2001-06-01,2001,6,-1.5
2001-06-01,2001,6,106
2001-06-01,2001,6,-2.9
2001-06-01,2001,6,-1.4
2001-06-01,2001,6,-10.3
2001-06-01,2001,6,-12.7
2001-06-01,2001,6,10.7
2001-06-01,2001,6,11.9
2001-07-01,2001,7,-3.6
2001-07-01,2001,7,-3.9
2001-07-01,2001,7,-0.1
2001-07-01,2001,7,-0.9
2001-07-01,2001,7,108.8
2001-07-01,2001,7,-2.3
2001-07-01,2001,7,-1.6
2001-07-01,2001,7,-7.8
2001-07-01,2001,7,-6.2
2001-07-01,2001,7,14.9
2001-07-01,2001,7,17
2001-08-01,2001,8,2.1
2001-08-01,2001,8,1.6
2001-08-01,2001,8,-0.7
2001-08-01,2001,8,-1.4
2001-08-01,2001,8,106.7
2001-08-01,2001,8,-1.6
2001-08-01,2001,8,-1.5
2001-08-01,2001,8,-25.9
2001-08-01,2001,8,-23.9
2001-08-01,2001,8,9.7
2001-08-01,2001,8,9.2
2001-09-01,2001,9,1.1
2001-09-01,2001,9,1.2
2001-09-01,2001,9,-3.5
2001-09-01,2001,9,-3.5
2001-09-01,2001,9,97.9
2001-09-01,2001,9,-10.1
2001-09-01,2001,9,-10.4
2001-09-01,2001,9,-25.4
2001-09-01,2001,9,-22.6
2001-09-01,2001,9,4.7
2001-09-01,2001,9,4
2001-10-01,2001,10,2
2001-10-01,2001,10,2.6
2001-10-01,2001,10,-5.6
2001-10-01,2001,10,-4.1
2001-10-01,2001,10,90.6
2001-10-01,2001,10,-14.7
2001-10-01,2001,10,-12.1
2001-10-01,2001,10,-18.2
2001-10-01,2001,10,-16.7
2001-10-01,2001,10,-9.5
2001-10-01,2001,10,-10.3
2001-11-01,2001,11,-1.7
2001-11-01,2001,11,-0.8
2001-11-01,2001,11,-8.7
2001-11-01,2001,11,-7.5
2001-11-01,2001,11,90.7
2001-11-01,2001,11,-12.7
2001-11-01,2001,11,-9.7
2001-11-01,2001,11,-10.8
2001-11-01,2001,11,-12.7
2001-11-01,2001,11,-14.9
2001-11-01,2001,11,-15.1
2001-12-01,2001,12,-9.4
2001-12-01,2001,12,-7.4
2001-12-01,2001,12,-5.7
2001-12-01,2001,12,-4.7
2001-12-01,2001,12,99.3
2001-12-01,2001,12,-6.5
2001-12-01,2001,12,-5.2
2001-12-01,2001,12,-30
2001-12-01,2001,12,-27.5
2001-12-01,2001,12,-3.3
2001-12-01,2001,12,-0.2
2002-01-01,2002,1,-9.9
2002-01-01,2002,1,-9.9
2002-01-01,2002,1,-3.2
2002-01-01,2002,1,-3.6
2002-01-01,2002,1,100.5
2002-01-01,2002,1,-5.7
2002-01-01,2002,1,-6.7
2002-01-01,2002,1,0.9
2002-01-01,2002,1,-3.9
2002-01-01,2002,1,6.5
2002-01-01,2002,1,9.4
2002-02-01,2002,2,-3.3
2002-02-01,2002,2,-4
2002-02-01,2002,2,-3.4
2002-02-01,2002,2,-3.6
2002-02-01,2002,2,105.2
2002-02-01,2002,2,1.8
2002-02-01,2002,2,-1.3
2002-02-01,2002,2,-28.6
2002-02-01,2002,2,-28.8
2002-02-01,2002,2,9.9
2002-02-01,2002,2,9.9
2002-03-01,2002,3,-3.8
2002-03-01,2002,3,-4.1
2002-03-01,2002,3,-4.5
2002-03-01,2002,3,-4.2
2002-03-01,2002,3,109.5
2002-03-01,2002,3,2.8
2002-03-01,2002,3,0
2002-03-01,2002,3,-17.1
2002-03-01,2002,3,-13
2002-03-01,2002,3,22.6
2002-03-01,2002,3,19.4
2002-04-01,2002,4,2.4
2002-04-01,2002,4,1
2002-04-01,2002,4,-6.3
2002-04-01,2002,4,-6.3
2002-04-01,2002,4,106.2
2002-04-01,2002,4,-0.2
2002-04-01,2002,4,-0.7
2002-04-01,2002,4,-9.4
2002-04-01,2002,4,-9
2002-04-01,2002,4,12.2
2002-04-01,2002,4,11
2002-05-01,2002,5,-4.9
2002-05-01,2002,5,-4.8
2002-05-01,2002,5,-6.1
2002-05-01,2002,5,-7
2002-05-01,2002,5,106.7
2002-05-01,2002,5,1.9
2002-05-01,2002,5,0.3
2002-05-01,2002,5,-10.6
2002-05-01,2002,5,-13.9
2002-05-01,2002,5,14.9
2002-05-01,2002,5,11.8
2002-06-01,2002,6,-2.3
2002-06-01,2002,6,-2.6
2002-06-01,2002,6,-7
2002-06-01,2002,6,-8
2002-06-01,2002,6,103.1
2002-06-01,2002,6,-2.8
2002-06-01,2002,6,-1.5
2002-06-01,2002,6,-10.3
2002-06-01,2002,6,-10.7
2002-06-01,2002,6,6.6
2002-06-01,2002,6,5.6
2002-07-01,2002,7,-5.4
2002-07-01,2002,7,-5.7
2002-07-01,2002,7,-6.9
2002-07-01,2002,7,-7.7
2002-07-01,2002,7,100.8
2002-07-01,2002,7,-3.3
2002-07-01,2002,7,-1.8
2002-07-01,2002,7,-10.6
2002-07-01,2002,7,-9.5
2002-07-01,2002,7,-4.4
2002-07-01,2002,7,-1.6
2002-08-01,2002,8,-0.4
2002-08-01,2002,8,-0.9
2002-08-01,2002,8,-8
2002-08-01,2002,8,-8.6
2002-08-01,2002,8,99
2002-08-01,2002,8,-5.6
2002-08-01,2002,8,-6
2002-08-01,2002,8,-10
2002-08-01,2002,8,-8.7
2002-08-01,2002,8,-10.4
2002-08-01,2002,8,-10.4
2002-09-01,2002,9,-4.6
2002-09-01,2002,9,-4.4
2002-09-01,2002,9,-10.4
2002-09-01,2002,9,-10.4
2002-09-01,2002,9,103.4
2002-09-01,2002,9,1.5
2002-09-01,2002,9,0.7
2002-09-01,2002,9,2.2
2002-09-01,2002,9,2.3
2002-09-01,2002,9,-3.3
2002-09-01,2002,9,-4.2
2002-10-01,2002,10,-6.3
2002-10-01,2002,10,-5.7
2002-10-01,2002,10,-11.6
2002-10-01,2002,10,-10.2
2002-10-01,2002,10,96.1
2002-10-01,2002,10,-4.6
2002-10-01,2002,10,-2
2002-10-01,2002,10,-3
2002-10-01,2002,10,-3.4
2002-10-01,2002,10,-20.8
2002-10-01,2002,10,-19.8
2002-11-01,2002,11,0.3
2002-11-01,2002,11,1.2
2002-11-01,2002,11,-11.1
2002-11-01,2002,11,-10
2002-11-01,2002,11,100
2002-11-01,2002,11,-4.6
2002-11-01,2002,11,-1.7
2002-11-01,2002,11,8.6
2002-11-01,2002,11,6.1
2002-11-01,2002,11,-11.3
2002-11-01,2002,11,-9.8
2002-12-01,2002,12,-15.1
2002-12-01,2002,12,-13
2002-12-01,2002,12,-13.9
2002-12-01,2002,12,-13
2002-12-01,2002,12,96.9
2002-12-01,2002,12,-4.7
2002-12-01,2002,12,-2.9
2002-12-01,2002,12,-5.6
2002-12-01,2002,12,-3.3
2002-12-01,2002,12,-12.8
2002-12-01,2002,12,-9
2003-01-01,2003,1,-9.1
2003-01-01,2003,1,-9.2
2003-01-01,2003,1,-12.6
2003-01-01,2003,1,-13
2003-01-01,2003,1,101.1
2003-01-01,2003,1,0
2003-01-01,2003,1,-1.1
2003-01-01,2003,1,-5.6
2003-01-01,2003,1,-9.1
2003-01-01,2003,1,-2.7
2003-01-01,2003,1,-1.6
2003-02-01,2003,2,-3.1
2003-02-01,2003,2,-3.8
2003-02-01,2003,2,-11.7
2003-02-01,2003,2,-12
2003-02-01,2003,2,99.8
2003-02-01,2003,2,1.3
2003-02-01,2003,2,-1.2
2003-02-01,2003,2,-5.9
2003-02-01,2003,2,-5.4
2003-02-01,2003,2,-5.5
2003-02-01,2003,2,-6.5
2003-03-01,2003,3,-0.8
2003-03-01,2003,3,-1.1
2003-03-01,2003,3,-14.2
2003-03-01,2003,3,-13.9
2003-03-01,2003,3,100.4
2003-03-01,2003,3,0.4
2003-03-01,2003,3,-1.9
2003-03-01,2003,3,-14.3
2003-03-01,2003,3,-10.7
2003-03-01,2003,3,-1.4
2003-03-01,2003,3,-3.9
2003-04-01,2003,4,-1.3
2003-04-01,2003,4,-2.7
2003-04-01,2003,4,-13.5
2003-04-01,2003,4,-13.5
2003-04-01,2003,4,97.7
2003-04-01,2003,4,-2.6
2003-04-01,2003,4,-3.9
2003-04-01,2003,4,-6.9
2003-04-01,2003,4,-6.7
2003-04-01,2003,4,-8.1
2003-04-01,2003,4,-8.7
2003-05-01,2003,5,-4.4
2003-05-01,2003,5,-4.3
2003-05-01,2003,5,-12.8
2003-05-01,2003,5,-13.7
2003-05-01,2003,5,96.4
2003-05-01,2003,5,-4.4
2003-05-01,2003,5,-5.6
2003-05-01,2003,5,-9.6
2003-05-01,2003,5,-11.7
2003-05-01,2003,5,-0.9
2003-05-01,2003,5,-2.9
2003-06-01,2003,6,-1.3
2003-06-01,2003,6,-1.7
2003-06-01,2003,6,-10.6
2003-06-01,2003,6,-11.6
2003-06-01,2003,6,96.4
2003-06-01,2003,6,-6.5
2003-06-01,2003,6,-5.8
2003-06-01,2003,6,-14.6
2003-06-01,2003,6,-13.9
2003-06-01,2003,6,-4.7
2003-06-01,2003,6,-5.5
2003-07-01,2003,7,-10.4
2003-07-01,2003,7,-10.7
2003-07-01,2003,7,-12
2003-07-01,2003,7,-12.7
2003-07-01,2003,7,93.3
2003-07-01,2003,7,-10.4
2003-07-01,2003,7,-8.6
2003-07-01,2003,7,-9.9
2003-07-01,2003,7,-9.2
2003-07-01,2003,7,-8.1
2003-07-01,2003,7,-6.5
2003-08-01,2003,8,-11.6
2003-08-01,2003,8,-12.1
2003-08-01,2003,8,-12.9
2003-08-01,2003,8,-13.6
2003-08-01,2003,8,97.3
2003-08-01,2003,8,-4.9
2003-08-01,2003,8,-5
2003-08-01,2003,8,-7
2003-08-01,2003,8,-6.4
2003-08-01,2003,8,-7.3
2003-08-01,2003,8,-6.9
2003-09-01,2003,9,-8.9
2003-09-01,2003,9,-8.8
2003-09-01,2003,9,-13
2003-09-01,2003,9,-13
2003-09-01,2003,9,97
2003-09-01,2003,9,-2.8
2003-09-01,2003,9,-4.3
2003-09-01,2003,9,-9.1
2003-09-01,2003,9,-10.2
2003-09-01,2003,9,-7.5
2003-09-01,2003,9,-6.2
2003-10-01,2003,10,-9.6
2003-10-01,2003,10,-9
2003-10-01,2003,10,-13.8
2003-10-01,2003,10,-12.4
2003-10-01,2003,10,98.5
2003-10-01,2003,10,-5.6
2003-10-01,2003,10,-3.4
2003-10-01,2003,10,-9.7
2003-10-01,2003,10,-10.8
2003-10-01,2003,10,-5.3
2003-10-01,2003,10,-3.8
2003-11-01,2003,11,-5.1
2003-11-01,2003,11,-4.2
2003-11-01,2003,11,-14.1
2003-11-01,2003,11,-13
2003-11-01,2003,11,99.3
2003-11-01,2003,11,-5.2
2003-11-01,2003,11,-2
2003-11-01,2003,11,-11.4
2003-11-01,2003,11,-12.7
2003-11-01,2003,11,-6.1
2003-11-01,2003,11,-5.2
2003-12-01,2003,12,-15.1
2003-12-01,2003,12,-13.1
2003-12-01,2003,12,-14.9
2003-12-01,2003,12,-14
2003-12-01,2003,12,97.8
2003-12-01,2003,12,-6.4
2003-12-01,2003,12,-4.9
2003-12-01,2003,12,-17.4
2003-12-01,2003,12,-14.5
2003-12-01,2003,12,3.9
2003-12-01,2003,12,6.2
2004-01-01,2004,1,-12.6
2004-01-01,2004,1,-12.7
2004-01-01,2004,1,-13.5
2004-01-01,2004,1,-13.8
2004-01-01,2004,1,96.5
2004-01-01,2004,1,-4.5
2004-01-01,2004,1,-5.2
2004-01-01,2004,1,-8.5
2004-01-01,2004,1,-11
2004-01-01,2004,1,-1.2
2004-01-01,2004,1,-1.3
2004-02-01,2004,2,-8.3
2004-02-01,2004,2,-9
2004-02-01,2004,2,-15.2
2004-02-01,2004,2,-15.5
2004-02-01,2004,2,96.8
2004-02-01,2004,2,-2.5
2004-02-01,2004,2,-4.7
2004-02-01,2004,2,-12.5
2004-02-01,2004,2,-12
2004-02-01,2004,2,3.4
2004-02-01,2004,2,3.3
2004-03-01,2004,3,-10.7
2004-03-01,2004,3,-11.1
2004-03-01,2004,3,-14.8
2004-03-01,2004,3,-14.5
2004-03-01,2004,3,97.7
2004-03-01,2004,3,-1.8
2004-03-01,2004,3,-3.7
2004-03-01,2004,3,-11
2004-03-01,2004,3,-8.2
2004-03-01,2004,3,-2.2
2004-03-01,2004,3,-2.7
2004-04-01,2004,4,-10.6
2004-04-01,2004,4,-12
2004-04-01,2004,4,-14.7
2004-04-01,2004,4,-14.7
2004-04-01,2004,4,100
2004-04-01,2004,4,0.1
2004-04-01,2004,4,-1.8
2004-04-01,2004,4,-11.5
2004-04-01,2004,4,-11.4
2004-04-01,2004,4,-1.5
2004-04-01,2004,4,-2.3
2004-05-01,2004,5,2.6
2004-05-01,2004,5,2.7
2004-05-01,2004,5,-14.6
2004-05-01,2004,5,-15.5
2004-05-01,2004,5,100.9
2004-05-01,2004,5,-1.2
2004-05-01,2004,5,-2.1
2004-05-01,2004,5,-5.3
2004-05-01,2004,5,-7.2
2004-05-01,2004,5,2.1
2004-05-01,2004,5,-1.1
2004-06-01,2004,6,0.6
2004-06-01,2004,6,0.2
2004-06-01,2004,6,-11.9
2004-06-01,2004,6,-12.9
2004-06-01,2004,6,103.3
2004-06-01,2004,6,-2.7
2004-06-01,2004,6,-1.7
2004-06-01,2004,6,-9.1
2004-06-01,2004,6,-8
2004-06-01,2004,6,8.1
2004-06-01,2004,6,5.7
2004-07-01,2004,7,-11.8
2004-07-01,2004,7,-12.1
2004-07-01,2004,7,-13.2
2004-07-01,2004,7,-13.9
2004-07-01,2004,7,100.7
2004-07-01,2004,7,-3.7
2004-07-01,2004,7,-2.4
2004-07-01,2004,7,-7.7
2004-07-01,2004,7,-7.2
2004-07-01,2004,7,2.7
2004-07-01,2004,7,2.7
2004-08-01,2004,8,-11.1
2004-08-01,2004,8,-11.6
2004-08-01,2004,8,-12.9
2004-08-01,2004,8,-13.5
2004-08-01,2004,8,101.4
2004-08-01,2004,8,-1.3
2004-08-01,2004,8,-1.4
2004-08-01,2004,8,-10.3
2004-08-01,2004,8,-10.1
2004-08-01,2004,8,4
2004-08-01,2004,8,2.3
2004-09-01,2004,9,-12.5
2004-09-01,2004,9,-12.4
2004-09-01,2004,9,-13.5
2004-09-01,2004,9,-13.6
2004-09-01,2004,9,100.7
2004-09-01,2004,9,-1.5
2004-09-01,2004,9,-2.9
2004-09-01,2004,9,-6.7
2004-09-01,2004,9,-8.5
2004-09-01,2004,9,6.5
2004-09-01,2004,9,5.2
2004-10-01,2004,10,-15.4
2004-10-01,2004,10,-14.9
2004-10-01,2004,10,-12.8
2004-10-01,2004,10,-11.4
2004-10-01,2004,10,102.3
2004-10-01,2004,10,-3.4
2004-10-01,2004,10,-1.7
2004-10-01,2004,10,-7.5
2004-10-01,2004,10,-9.1
2004-10-01,2004,10,3.4
2004-10-01,2004,10,2.9
2004-11-01,2004,11,-11.6
2004-11-01,2004,11,-10.7
2004-11-01,2004,11,-13
2004-11-01,2004,11,-11.9
2004-11-01,2004,11,100.4
2004-11-01,2004,11,-5.7
2004-11-01,2004,11,-2.4
2004-11-01,2004,11,-12.3
2004-11-01,2004,11,-12.8
2004-11-01,2004,11,3.1
2004-11-01,2004,11,3.9
2004-12-01,2004,12,-12.5
2004-12-01,2004,12,-10.6
2004-12-01,2004,12,-13.5
2004-12-01,2004,12,-12.6
2004-12-01,2004,12,96.3
2004-12-01,2004,12,-5.8
2004-12-01,2004,12,-4.1
2004-12-01,2004,12,-10.5
2004-12-01,2004,12,-7.6
2004-12-01,2004,12,-5.3
2004-12-01,2004,12,-2.4
2005-01-01,2005,1,-18.4
2005-01-01,2005,1,-18.4
2005-01-01,2005,1,-12.3
2005-01-01,2005,1,-12.6
2005-01-01,2005,1,97.2
2005-01-01,2005,1,-3.9
2005-01-01,2005,1,-4.5
2005-01-01,2005,1,-9.3
2005-01-01,2005,1,-11.2
2005-01-01,2005,1,2.5
2005-01-01,2005,1,3.4
2005-02-01,2005,2,-18.3
2005-02-01,2005,2,-19
2005-02-01,2005,2,-11.2
2005-02-01,2005,2,-11.4
2005-02-01,2005,2,96.7
2005-02-01,2005,2,-3.1
2005-02-01,2005,2,-4.9
2005-02-01,2005,2,-6.6
2005-02-01,2005,2,-6.5
2005-02-01,2005,2,-2.5
2005-02-01,2005,2,-0.5
2005-03-01,2005,3,-18.4
2005-03-01,2005,3,-18.7
2005-03-01,2005,3,-12.3
2005-03-01,2005,3,-12
2005-03-01,2005,3,97.5
2005-03-01,2005,3,-4.2
2005-03-01,2005,3,-6.7
2005-03-01,2005,3,-8
2005-03-01,2005,3,-5.6
2005-03-01,2005,3,6.4
2005-03-01,2005,3,7.1
2005-04-01,2005,4,-13.7
2005-04-01,2005,4,-15.1
2005-04-01,2005,4,-11.3
2005-04-01,2005,4,-11.3
2005-04-01,2005,4,97.2
2005-04-01,2005,4,-7.6
2005-04-01,2005,4,-8.5
2005-04-01,2005,4,-3.9
2005-04-01,2005,4,-4
2005-04-01,2005,4,7.5
2005-04-01,2005,4,6.7
2005-05-01,2005,5,-11.9
2005-05-01,2005,5,-11.9
2005-05-01,2005,5,-13.3
2005-05-01,2005,5,-14.1
2005-05-01,2005,5,96.4
2005-05-01,2005,5,-7.3
2005-05-01,2005,5,-8.7
2005-05-01,2005,5,-2.7
2005-05-01,2005,5,-4.3
2005-05-01,2005,5,8.8
2005-05-01,2005,5,6.2
2005-06-01,2005,6,-12.5
2005-06-01,2005,6,-12.9
2005-06-01,2005,6,-15.1
2005-06-01,2005,6,-16.1
2005-06-01,2005,6,94.5
2005-06-01,2005,6,-9.9
2005-06-01,2005,6,-9.1
2005-06-01,2005,6,-8.5
2005-06-01,2005,6,-7
2005-06-01,2005,6,2
2005-06-01,2005,6,1.7
2005-07-01,2005,7,-11.6
2005-07-01,2005,7,-11.9
2005-07-01,2005,7,-14.4
2005-07-01,2005,7,-15.1
2005-07-01,2005,7,97.3
2005-07-01,2005,7,-8.1
2005-07-01,2005,7,-6.4
2005-07-01,2005,7,-3.7
2005-07-01,2005,7,-2.6
2005-07-01,2005,7,1.5
2005-07-01,2005,7,3.8
2005-08-01,2005,8,-14.8
2005-08-01,2005,8,-15.3
2005-08-01,2005,8,-14
2005-08-01,2005,8,-14.6
2005-08-01,2005,8,100.3
2005-08-01,2005,8,-2.8
2005-08-01,2005,8,-3.5
2005-08-01,2005,8,-2
2005-08-01,2005,8,-2
2005-08-01,2005,8,4.8
2005-08-01,2005,8,5.3
2005-09-01,2005,9,-16.1
2005-09-01,2005,9,-16
2005-09-01,2005,9,-15.4
2005-09-01,2005,9,-15.4
2005-09-01,2005,9,100.4
2005-09-01,2005,9,-0.5
2005-09-01,2005,9,-2
2005-09-01,2005,9,0.2
2005-09-01,2005,9,-1.8
2005-09-01,2005,9,2.7
2005-09-01,2005,9,2.8
2005-10-01,2005,10,-16.6
2005-10-01,2005,10,-16.1
2005-10-01,2005,10,-13.9
2005-10-01,2005,10,-12.5
2005-10-01,2005,10,104.4
2005-10-01,2005,10,-3.1
2005-10-01,2005,10,-1.4
2005-10-01,2005,10,2.5
2005-10-01,2005,10,0.4
2005-10-01,2005,10,11.5
2005-10-01,2005,10,10.5
2005-11-01,2005,11,-13.2
2005-11-01,2005,11,-12.2
2005-11-01,2005,11,-14
2005-11-01,2005,11,-12.9
2005-11-01,2005,11,105.9
2005-11-01,2005,11,-3.8
2005-11-01,2005,11,-0.6
2005-11-01,2005,11,-4.8
2005-11-01,2005,11,-5.3
2005-11-01,2005,11,13.8
2005-11-01,2005,11,13.7
2005-12-01,2005,12,-14.4
2005-12-01,2005,12,-12.4
2005-12-01,2005,12,-13.1
2005-12-01,2005,12,-12.3
2005-12-01,2005,12,105.6
2005-12-01,2005,12,-2
2005-12-01,2005,12,0
2005-12-01,2005,12,1.2
2005-12-01,2005,12,4.1
2005-12-01,2005,12,7.9
2005-12-01,2005,12,10.7
2006-01-01,2006,1,-18
2006-01-01,2006,1,-18.1
2006-01-01,2006,1,-13.7
2006-01-01,2006,1,-14
2006-01-01,2006,1,108.5
2006-01-01,2006,1,2.3
2006-01-01,2006,1,1.9
2006-01-01,2006,1,6.6
2006-01-01,2006,1,4.7
2006-01-01,2006,1,13.3
2006-01-01,2006,1,14.4
2006-02-01,2006,2,-16.1
2006-02-01,2006,2,-16.7
2006-02-01,2006,2,-12.5
2006-02-01,2006,2,-12.8
2006-02-01,2006,2,107.8
2006-02-01,2006,2,4.3
2006-02-01,2006,2,2.7
2006-02-01,2006,2,5.6
2006-02-01,2006,2,5.4
2006-02-01,2006,2,5.8
2006-02-01,2006,2,7.5
2006-03-01,2006,3,-14.6
2006-03-01,2006,3,-15
2006-03-01,2006,3,-11.3
2006-03-01,2006,3,-11
2006-03-01,2006,3,109.3
2006-03-01,2006,3,5.4
2006-03-01,2006,3,3.7
2006-03-01,2006,3,-0.1
2006-03-01,2006,3,1.9
2006-03-01,2006,3,13.5
2006-03-01,2006,3,12.9
2006-04-01,2006,4,-13
2006-04-01,2006,4,-14.4
2006-04-01,2006,4,-11.5
2006-04-01,2006,4,-11.4
2006-04-01,2006,4,111.2
2006-04-01,2006,4,6.7
2006-04-01,2006,4,4.7
2006-04-01,2006,4,4
2006-04-01,2006,4,3.5
2006-04-01,2006,4,20.8
2006-04-01,2006,4,18.6
2006-05-01,2006,5,-13.5
2006-05-01,2006,5,-13.5
2006-05-01,2006,5,-9
2006-05-01,2006,5,-9.8
2006-05-01,2006,5,110.9
2006-05-01,2006,5,5.8
2006-05-01,2006,5,4.7
2006-05-01,2006,5,5.5
2006-05-01,2006,5,4.1
2006-05-01,2006,5,20.2
2006-05-01,2006,5,15.9
2006-06-01,2006,6,-13.3
2006-06-01,2006,6,-13.7
2006-06-01,2006,6,-11.5
2006-06-01,2006,6,-12.4
2006-06-01,2006,6,112.6
2006-06-01,2006,6,6.3
2006-06-01,2006,6,6.6
2006-06-01,2006,6,1
2006-06-01,2006,6,2.7
2006-06-01,2006,6,21.5
2006-06-01,2006,6,18.8
2006-07-01,2006,7,-10.2
2006-07-01,2006,7,-10.5
2006-07-01,2006,7,-9.2
2006-07-01,2006,7,-9.9
2006-07-01,2006,7,110.5
2006-07-01,2006,7,2.7
2006-07-01,2006,7,4.1
2006-07-01,2006,7,-0.1
2006-07-01,2006,7,1.9
2006-07-01,2006,7,14.7
2006-07-01,2006,7,15
2006-08-01,2006,8,-13.3
2006-08-01,2006,8,-13.8
2006-08-01,2006,8,-10.4
2006-08-01,2006,8,-10.9
2006-08-01,2006,8,110.8
2006-08-01,2006,8,4.5
2006-08-01,2006,8,3.9
2006-08-01,2006,8,5.9
2006-08-01,2006,8,5.9
2006-08-01,2006,8,15.2
2006-08-01,2006,8,14.4
2006-09-01,2006,9,-20.7
2006-09-01,2006,9,-20.6
2006-09-01,2006,9,-8
2006-09-01,2006,9,-8.1
2006-09-01,2006,9,112.7
2006-09-01,2006,9,6.4
2006-09-01,2006,9,4.8
2006-09-01,2006,9,9.1
2006-09-01,2006,9,7.2
2006-09-01,2006,9,16.3
2006-09-01,2006,9,16.2
2006-10-01,2006,10,-14.5
2006-10-01,2006,10,-14
2006-10-01,2006,10,-12.5
2006-10-01,2006,10,-11.2
2006-10-01,2006,10,110.1
2006-10-01,2006,10,3.7
2006-10-01,2006,10,5.1
2006-10-01,2006,10,6.2
2006-10-01,2006,10,4
2006-10-01,2006,10,12.9
2006-10-01,2006,10,13.8
2006-11-01,2006,11,-20.6
2006-11-01,2006,11,-19.6
2006-11-01,2006,11,-12.2
2006-11-01,2006,11,-11.1
2006-11-01,2006,11,109
2006-11-01,2006,11,1.2
2006-11-01,2006,11,4.6
2006-11-01,2006,11,7.6
2006-11-01,2006,11,6.6
2006-11-01,2006,11,12
2006-11-01,2006,11,13.4
2006-12-01,2006,12,-10.6
2006-12-01,2006,12,-8.7
2006-12-01,2006,12,-8.1
2006-12-01,2006,12,-7.2
2006-12-01,2006,12,111.7
2006-12-01,2006,12,2.8
2006-12-01,2006,12,4.9
2006-12-01,2006,12,-2.3
2006-12-01,2006,12,1
2006-12-01,2006,12,10.7
2006-12-01,2006,12,14.8
2007-01-01,2007,1,-14.1
2007-01-01,2007,1,-14.2
2007-01-01,2007,1,-10.7
2007-01-01,2007,1,-11
2007-01-01,2007,1,107.1
2007-01-01,2007,1,3.5
2007-01-01,2007,1,3.6
2007-01-01,2007,1,5.7
2007-01-01,2007,1,4.1
2007-01-01,2007,1,6.8
2007-01-01,2007,1,9.5
2007-02-01,2007,2,-13.3
2007-02-01,2007,2,-13.9
2007-02-01,2007,2,-10.6
2007-02-01,2007,2,-10.8
2007-02-01,2007,2,111.1
2007-02-01,2007,2,6.2
2007-02-01,2007,2,4.9
2007-02-01,2007,2,4.6
2007-02-01,2007,2,4.6
2007-02-01,2007,2,15.1
2007-02-01,2007,2,16
2007-03-01,2007,3,-9.7
2007-03-01,2007,3,-10.2
2007-03-01,2007,3,-10.3
2007-03-01,2007,3,-10
2007-03-01,2007,3,112.5
2007-03-01,2007,3,8
2007-03-01,2007,3,6.3
2007-03-01,2007,3,5
2007-03-01,2007,3,6.7
2007-03-01,2007,3,20.1
2007-03-01,2007,3,18.7
2007-04-01,2007,4,-6.9
2007-04-01,2007,4,-8.2
2007-04-01,2007,4,-12.2
2007-04-01,2007,4,-12.1
2007-04-01,2007,4,112.4
2007-04-01,2007,4,9.1
2007-04-01,2007,4,7.5
2007-04-01,2007,4,7.2
2007-04-01,2007,4,6.3
2007-04-01,2007,4,18.8
2007-04-01,2007,4,16.9
2007-05-01,2007,5,-11.1
2007-05-01,2007,5,-11
2007-05-01,2007,5,-11.9
2007-05-01,2007,5,-12.7
2007-05-01,2007,5,109.6
2007-05-01,2007,5,7.4
2007-05-01,2007,5,5.5
2007-05-01,2007,5,9.5
2007-05-01,2007,5,8.1
2007-05-01,2007,5,18.6
2007-05-01,2007,5,14.8
2007-06-01,2007,6,-15.1
2007-06-01,2007,6,-15.4
2007-06-01,2007,6,-14.4
2007-06-01,2007,6,-15.3
2007-06-01,2007,6,107.4
2007-06-01,2007,6,3.4
2007-06-01,2007,6,3.6
2007-06-01,2007,6,4.5
2007-06-01,2007,6,6.1
2007-06-01,2007,6,17.2
2007-06-01,2007,6,14.6
2007-07-01,2007,7,-13.7
2007-07-01,2007,7,-14
2007-07-01,2007,7,-13.4
2007-07-01,2007,7,-14.1
2007-07-01,2007,7,106
2007-07-01,2007,7,0.9
2007-07-01,2007,7,2.4
2007-07-01,2007,7,3.7
2007-07-01,2007,7,6
2007-07-01,2007,7,11.4
2007-07-01,2007,7,11.4
2007-08-01,2007,8,-13.2
2007-08-01,2007,8,-13.7
2007-08-01,2007,8,-14.4
2007-08-01,2007,8,-14.9
2007-08-01,2007,8,106
2007-08-01,2007,8,3.3
2007-08-01,2007,8,2.1
2007-08-01,2007,8,4.5
2007-08-01,2007,8,4.2
2007-08-01,2007,8,14.1
2007-08-01,2007,8,12.3
2007-09-01,2007,9,-16
2007-09-01,2007,9,-15.9
2007-09-01,2007,9,-14.7
2007-09-01,2007,9,-14.8
2007-09-01,2007,9,104.5
2007-09-01,2007,9,2.6
2007-09-01,2007,9,1
2007-09-01,2007,9,4.2
2007-09-01,2007,9,2.6
2007-09-01,2007,9,14.1
2007-09-01,2007,9,12.7
2007-10-01,2007,10,-12.2
2007-10-01,2007,10,-11.7
2007-10-01,2007,10,-15.9
2007-10-01,2007,10,-14.6
2007-10-01,2007,10,102.7
2007-10-01,2007,10,-0.4
2007-10-01,2007,10,1
2007-10-01,2007,10,4.4
2007-10-01,2007,10,2.2
2007-10-01,2007,10,9
2007-10-01,2007,10,9.7
2007-11-01,2007,11,-15.4
2007-11-01,2007,11,-14.4
2007-11-01,2007,11,-16.9
2007-11-01,2007,11,-15.9
2007-11-01,2007,11,104.1
2007-11-01,2007,11,-2.1
2007-11-01,2007,11,1.3
2007-11-01,2007,11,5.6
2007-11-01,2007,11,4.3
2007-11-01,2007,11,8.8
2007-11-01,2007,11,10.2
2007-12-01,2007,12,-19.6
2007-12-01,2007,12,-17.7
2007-12-01,2007,12,-17.2
2007-12-01,2007,12,-16.4
2007-12-01,2007,12,103.4
2007-12-01,2007,12,-1.1
2007-12-01,2007,12,1.5
2007-12-01,2007,12,-0.8
2007-12-01,2007,12,2.9
2007-12-01,2007,12,3.2
2007-12-01,2007,12,7.2
2008-01-01,2008,1,-17.8
2008-01-01,2008,1,-17.9
2008-01-01,2008,1,-17.6
2008-01-01,2008,1,-17.8
2008-01-01,2008,1,101.3
2008-01-01,2008,1,0.6
2008-01-01,2008,1,0.7
2008-01-01,2008,1,1.7
2008-01-01,2008,1,0.1
2008-01-01,2008,1,3.3
2008-01-01,2008,1,5.3
2008-02-01,2008,2,-22.1
2008-02-01,2008,2,-22.7
2008-02-01,2008,2,-17
2008-02-01,2008,2,-17.3
2008-02-01,2008,2,100.1
2008-02-01,2008,2,1.3
2008-02-01,2008,2,0.2
2008-02-01,2008,2,0.2
2008-02-01,2008,2,0.4
2008-02-01,2008,2,0
2008-02-01,2008,2,1.4
2008-03-01,2008,3,-16.1
2008-03-01,2008,3,-16.5
2008-03-01,2008,3,-18.4
2008-03-01,2008,3,-18.2
2008-03-01,2008,3,99
2008-03-01,2008,3,0.4
2008-03-01,2008,3,-1.3
2008-03-01,2008,3,-1.5
2008-03-01,2008,3,0
2008-03-01,2008,3,-1.5
2008-03-01,2008,3,-0.2
2008-04-01,2008,4,-14.5
2008-04-01,2008,4,-15.9
2008-04-01,2008,4,-17.2
2008-04-01,2008,4,-17.2
2008-04-01,2008,4,98
2008-04-01,2008,4,-2.9
2008-04-01,2008,4,-3.6
2008-04-01,2008,4,-2.9
2008-04-01,2008,4,-4
2008-04-01,2008,4,0.1
2008-04-01,2008,4,-0.1
2008-05-01,2008,5,-19.1
2008-05-01,2008,5,-19
2008-05-01,2008,5,-13.2
2008-05-01,2008,5,-14
2008-05-01,2008,5,100.3
2008-05-01,2008,5,-0.6
2008-05-01,2008,5,-3
2008-05-01,2008,5,-3.6
2008-05-01,2008,5,-4.8
2008-05-01,2008,5,8.5
2008-05-01,2008,5,3.9
2008-06-01,2008,6,-22.6
2008-06-01,2008,6,-22.9
2008-06-01,2008,6,-16.1
2008-06-01,2008,6,-17
2008-06-01,2008,6,96.9
2008-06-01,2008,6,-4.7
2008-06-01,2008,6,-5
2008-06-01,2008,6,-6.4
2008-06-01,2008,6,-5
2008-06-01,2008,6,6.7
2008-06-01,2008,6,3.4
2008-07-01,2008,7,-19
2008-07-01,2008,7,-19.2
2008-07-01,2008,7,-21
2008-07-01,2008,7,-21.7
2008-07-01,2008,7,91.5
2008-07-01,2008,7,-9.3
2008-07-01,2008,7,-7.7
2008-07-01,2008,7,-13
2008-07-01,2008,7,-10.7
2008-07-01,2008,7,0.4
2008-07-01,2008,7,-0.3
2008-08-01,2008,8,-22.7
2008-08-01,2008,8,-23.1
2008-08-01,2008,8,-17.9
2008-08-01,2008,8,-18.5
2008-08-01,2008,8,92.4
2008-08-01,2008,8,-7
2008-08-01,2008,8,-8.5
2008-08-01,2008,8,-2.2
2008-08-01,2008,8,-2.8
2008-08-01,2008,8,-2.5
2008-08-01,2008,8,-4.2
2008-09-01,2008,9,-22.5
2008-09-01,2008,9,-22.5
2008-09-01,2008,9,-15.4
2008-09-01,2008,9,-15.5
2008-09-01,2008,9,93.7
2008-09-01,2008,9,-7.6
2008-09-01,2008,9,-9.7
2008-09-01,2008,9,-0.1
2008-09-01,2008,9,-1.7
2008-09-01,2008,9,1.8
2008-09-01,2008,9,-0.2
2008-10-01,2008,10,-27.6
2008-10-01,2008,10,-27.1
2008-10-01,2008,10,-15.8
2008-10-01,2008,10,-14.5
2008-10-01,2008,10,89.6
2008-10-01,2008,10,-15.5
2008-10-01,2008,10,-14.2
2008-10-01,2008,10,-2.9
2008-10-01,2008,10,-5.2
2008-10-01,2008,10,-8.3
2008-10-01,2008,10,-7.8
2008-11-01,2008,11,-37.8
2008-11-01,2008,11,-36.8
2008-11-01,2008,11,-17.8
2008-11-01,2008,11,-16.8
2008-11-01,2008,11,82.2
2008-11-01,2008,11,-25.4
2008-11-01,2008,11,-21.9
2008-11-01,2008,11,-11.5
2008-11-01,2008,11,-12.4
2008-11-01,2008,11,-8.4
2008-11-01,2008,11,-7.2
2008-12-01,2008,12,-29
2008-12-01,2008,12,-27.1
2008-12-01,2008,12,-18
2008-12-01,2008,12,-17.3
2008-12-01,2008,12,77.3
2008-12-01,2008,12,-30.4
2008-12-01,2008,12,-27.4
2008-12-01,2008,12,-22.9
2008-12-01,2008,12,-18.7
2008-12-01,2008,12,-16.1
2008-12-01,2008,12,-11.3
2009-01-01,2009,1,-38.4
2009-01-01,2009,1,-38.5
2009-01-01,2009,1,-16.7
2009-01-01,2009,1,-16.9
2009-01-01,2009,1,76.8
2009-01-01,2009,1,-28.7
2009-01-01,2009,1,-28.7
2009-01-01,2009,1,-8.6
2009-01-01,2009,1,-10.3
2009-01-01,2009,1,-15.5
2009-01-01,2009,1,-12.6
2009-02-01,2009,2,-36.5
2009-02-01,2009,2,-37.1
2009-02-01,2009,2,-15.9
2009-02-01,2009,2,-16.2
2009-02-01,2009,2,76.9
2009-02-01,2009,2,-29.6
2009-02-01,2009,2,-30.4
2009-02-01,2009,2,-11.5
2009-02-01,2009,2,-10.8
2009-02-01,2009,2,-16.1
2009-02-01,2009,2,-14.5
2009-03-01,2009,3,-35.2
2009-03-01,2009,3,-35.6
2009-03-01,2009,3,-17.7
2009-03-01,2009,3,-17.4
2009-03-01,2009,3,71.9
2009-03-01,2009,3,-32.2
2009-03-01,2009,3,-32.6
2009-03-01,2009,3,-14.1
2009-03-01,2009,3,-12.9
2009-03-01,2009,3,-23.2
2009-03-01,2009,3,-20.8
2009-04-01,2009,4,-37.7
2009-04-01,2009,4,-39
2009-04-01,2009,4,-15.4
2009-04-01,2009,4,-15.3
2009-04-01,2009,4,78.1
2009-04-01,2009,4,-26.6
2009-04-01,2009,4,-28.1
2009-04-01,2009,4,-11.1
2009-04-01,2009,4,-12.6
2009-04-01,2009,4,-18.3
2009-04-01,2009,4,-17.1
2009-05-01,2009,5,-34
2009-05-01,2009,5,-33.9
2009-05-01,2009,5,-14.1
2009-05-01,2009,5,-14.9
2009-05-01,2009,5,84.8
2009-05-01,2009,5,-21.9
2009-05-01,2009,5,-24.3
2009-05-01,2009,5,-6.4
2009-05-01,2009,5,-7.5
2009-05-01,2009,5,-7.5
2009-05-01,2009,5,-10.7
2009-06-01,2009,6,-36.6
2009-06-01,2009,6,-36.9
2009-06-01,2009,6,-13.4
2009-06-01,2009,6,-14.3
2009-06-01,2009,6,83.4
2009-06-01,2009,6,-23.6
2009-06-01,2009,6,-23.7
2009-06-01,2009,6,-8.4
2009-06-01,2009,6,-7.1
2009-06-01,2009,6,-11.7
2009-06-01,2009,6,-12.8
2009-07-01,2009,7,-36.2
2009-07-01,2009,7,-36.5
2009-07-01,2009,7,-12.5
2009-07-01,2009,7,-13.1
2009-07-01,2009,7,87.6
2009-07-01,2009,7,-23.2
2009-07-01,2009,7,-21.7
2009-07-01,2009,7,-6.2
2009-07-01,2009,7,-4.2
2009-07-01,2009,7,-9.3
2009-07-01,2009,7,-9.3
2009-08-01,2009,8,-34.7
2009-08-01,2009,8,-35.2
2009-08-01,2009,8,-11.5
2009-08-01,2009,8,-12.1
2009-08-01,2009,8,91.2
2009-08-01,2009,8,-16.7
2009-08-01,2009,8,-18.7
2009-08-01,2009,8,-2.6
2009-08-01,2009,8,-3
2009-08-01,2009,8,-2.1
2009-08-01,2009,8,-4.2
2009-09-01,2009,9,-33.5
2009-09-01,2009,9,-33.4
2009-09-01,2009,9,-11.5
2009-09-01,2009,9,-11.7
2009-09-01,2009,9,93.5
2009-09-01,2009,9,-15.5
2009-09-01,2009,9,-17.2
2009-09-01,2009,9,-2.8
2009-09-01,2009,9,-3.6
2009-09-01,2009,9,-2.3
2009-09-01,2009,9,-3.5
2009-10-01,2009,10,-33.2
2009-10-01,2009,10,-32.7
2009-10-01,2009,10,-11.9
2009-10-01,2009,10,-10.6
2009-10-01,2009,10,95.4
2009-10-01,2009,10,-16.8
2009-10-01,2009,10,-15.3
2009-10-01,2009,10,-5.2
2009-10-01,2009,10,-7.3
2009-10-01,2009,10,-6.7
2009-10-01,2009,10,-5.1
2009-11-01,2009,11,-39
2009-11-01,2009,11,-38
2009-11-01,2009,11,-9.6
2009-11-01,2009,11,-8.6
2009-11-01,2009,11,97
2009-11-01,2009,11,-17.7
2009-11-01,2009,11,-14.6
2009-11-01,2009,11,-1.2
2009-11-01,2009,11,-1.8
2009-11-01,2009,11,-4.7
2009-11-01,2009,11,-2.8
2009-12-01,2009,12,-40.8
2009-12-01,2009,12,-38.9
2009-12-01,2009,12,-10.5
2009-12-01,2009,12,-9.7
2009-12-01,2009,12,98
2009-12-01,2009,12,-15.5
2009-12-01,2009,12,-12.7
2009-12-01,2009,12,-5.1
2009-12-01,2009,12,-1.6
2009-12-01,2009,12,-4.3
2009-12-01,2009,12,-0.4
2010-01-01,2010,1,-36.5
2010-01-01,2010,1,-36.6
2010-01-01,2010,1,-11.7
2010-01-01,2010,1,-11.9
2010-01-01,2010,1,101.1
2010-01-01,2010,1,-10.2
2010-01-01,2010,1,-10.3
2010-01-01,2010,1,9.9
2010-01-01,2010,1,8
2010-01-01,2010,1,1.1
2010-01-01,2010,1,1.8
2010-02-01,2010,2,-43.1
2010-02-01,2010,2,-43.7
2010-02-01,2010,2,-15.1
2010-02-01,2010,2,-15.4
2010-02-01,2010,2,101.1
2010-02-01,2010,2,-7.8
2010-02-01,2010,2,-8.8
2010-02-01,2010,2,0.8
2010-02-01,2010,2,1.6
2010-02-01,2010,2,6.1
2010-02-01,2010,2,5.3
2010-03-01,2010,3,-36
2010-03-01,2010,3,-36.4
2010-03-01,2010,3,-15.9
2010-03-01,2010,3,-15.6
2010-03-01,2010,3,100.4
2010-03-01,2010,3,-8
2010-03-01,2010,3,-8.5
2010-03-01,2010,3,5.5
2010-03-01,2010,3,6.1
2010-03-01,2010,3,1.8
2010-03-01,2010,3,1.1
2010-04-01,2010,4,-33
2010-04-01,2010,4,-34.3
2010-04-01,2010,4,-14.3
2010-04-01,2010,4,-14.2
2010-04-01,2010,4,102.2
2010-04-01,2010,4,-5.8
2010-04-01,2010,4,-7.4
2010-04-01,2010,4,5.2
2010-04-01,2010,4,3.1
2010-04-01,2010,4,10.8
2010-04-01,2010,4,8.5
2010-05-01,2010,5,-39.2
2010-05-01,2010,5,-39.1
2010-05-01,2010,5,-16.7
2010-05-01,2010,5,-17.4
2010-05-01,2010,5,102.2
2010-05-01,2010,5,-2.3
2010-05-01,2010,5,-4.8
2010-05-01,2010,5,3.2
2010-05-01,2010,5,2.5
2010-05-01,2010,5,8.6
2010-05-01,2010,5,4
2010-06-01,2010,6,-35.3
2010-06-01,2010,6,-35.7
2010-06-01,2010,6,-18.4
2010-06-01,2010,6,-19.3
2010-06-01,2010,6,101.5
2010-06-01,2010,6,-5.1
2010-06-01,2010,6,-4.6
2010-06-01,2010,6,-1
2010-06-01,2010,6,0
2010-06-01,2010,6,2.9
2010-06-01,2010,6,1
2010-07-01,2010,7,-35.7
2010-07-01,2010,7,-36
2010-07-01,2010,7,-18.9
2010-07-01,2010,7,-19.6
2010-07-01,2010,7,101.5
2010-07-01,2010,7,-4.6
2010-07-01,2010,7,-3.6
2010-07-01,2010,7,-4.6
2010-07-01,2010,7,-2.8
2010-07-01,2010,7,3.3
2010-07-01,2010,7,3.5
2010-08-01,2010,8,-27.6
2010-08-01,2010,8,-28
2010-08-01,2010,8,-17.8
2010-08-01,2010,8,-18.3
2010-08-01,2010,8,101.1
2010-08-01,2010,8,-1.4
2010-08-01,2010,8,-3.2
2010-08-01,2010,8,-2.4
2010-08-01,2010,8,-2.1
2010-08-01,2010,8,4.1
2010-08-01,2010,8,2.9
2010-09-01,2010,9,-32.3
2010-09-01,2010,9,-32.2
2010-09-01,2010,9,-17.3
2010-09-01,2010,9,-17.5
2010-09-01,2010,9,101.3
2010-09-01,2010,9,-2.1
2010-09-01,2010,9,-3.1
2010-09-01,2010,9,-2.2
2010-09-01,2010,9,-2.6
2010-09-01,2010,9,2.8
2010-09-01,2010,9,3.2
2010-10-01,2010,10,-30.6
2010-10-01,2010,10,-30.1
2010-10-01,2010,10,-19.9
2010-10-01,2010,10,-18.6
2010-10-01,2010,10,100.7
2010-10-01,2010,10,-3.7
2010-10-01,2010,10,-2.4
2010-10-01,2010,10,5.6
2010-10-01,2010,10,3.2
2010-10-01,2010,10,1.3
2010-10-01,2010,10,2.9
2010-11-01,2010,11,-27.6
2010-11-01,2010,11,-26.5
2010-11-01,2010,11,-19.8
2010-11-01,2010,11,-18.8
2010-11-01,2010,11,101.2
2010-11-01,2010,11,-5.7
2010-11-01,2010,11,-2.3
2010-11-01,2010,11,1.3
2010-11-01,2010,11,0.9
2010-11-01,2010,11,2.7
2010-11-01,2010,11,4.1
2010-12-01,2010,12,-30.5
2010-12-01,2010,12,-28.6
2010-12-01,2010,12,-16.7
2010-12-01,2010,12,-16
2010-12-01,2010,12,104
2010-12-01,2010,12,-2.6
2010-12-01,2010,12,-0.1
2010-12-01,2010,12,7.2
2010-12-01,2010,12,10.1
2010-12-01,2010,12,-1.4
2010-12-01,2010,12,2.8
2011-01-01,2011,1,-31.3
2011-01-01,2011,1,-31.4
2011-01-01,2011,1,-19.8
2011-01-01,2011,1,-20
2011-01-01,2011,1,103.3
2011-01-01,2011,1,1
2011-01-01,2011,1,1
2011-01-01,2011,1,6.9
2011-01-01,2011,1,5.7
2011-01-01,2011,1,1.9
2011-01-01,2011,1,3.4
2011-02-01,2011,2,-31.8
2011-02-01,2011,2,-32.4
2011-02-01,2011,2,-19.5
2011-02-01,2011,2,-19.7
2011-02-01,2011,2,101.5
2011-02-01,2011,2,0.1
2011-02-01,2011,2,-0.9
2011-02-01,2011,2,0.1
2011-02-01,2011,2,1.2
2011-02-01,2011,2,5.8
2011-02-01,2011,2,6.3
2011-03-01,2011,3,-28
2011-03-01,2011,3,-28.5
2011-03-01,2011,3,-21
2011-03-01,2011,3,-20.8
2011-03-01,2011,3,99.2
2011-03-01,2011,3,0.1
2011-03-01,2011,3,-0.9
2011-03-01,2011,3,-0.7
2011-03-01,2011,3,-0.4
2011-03-01,2011,3,-1.9
2011-03-01,2011,3,-1.5
2011-04-01,2011,4,-31.5
2011-04-01,2011,4,-32.7
2011-04-01,2011,4,-22.1
2011-04-01,2011,4,-22
2011-04-01,2011,4,101.2
2011-04-01,2011,4,0.9
2011-04-01,2011,4,-0.6
2011-04-01,2011,4,6.7
2011-04-01,2011,4,4.3
2011-04-01,2011,4,6
2011-04-01,2011,4,4.9
2011-05-01,2011,5,-27.2
2011-05-01,2011,5,-27.2
2011-05-01,2011,5,-22.6
2011-05-01,2011,5,-23.3
2011-05-01,2011,5,99.9
2011-05-01,2011,5,1.5
2011-05-01,2011,5,-0.6
2011-05-01,2011,5,-0.1
2011-05-01,2011,5,-0.3
2011-05-01,2011,5,6.8
2011-05-01,2011,5,2.3
2011-06-01,2011,6,-30.9
2011-06-01,2011,6,-31.2
2011-06-01,2011,6,-19.2
2011-06-01,2011,6,-20.1
2011-06-01,2011,6,99.4
2011-06-01,2011,6,-2.6
2011-06-01,2011,6,-2.9
2011-06-01,2011,6,-7.8
2011-06-01,2011,6,-7.4
2011-06-01,2011,6,9.1
2011-06-01,2011,6,5.7
2011-07-01,2011,7,-31.6
2011-07-01,2011,7,-31.9
2011-07-01,2011,7,-21.5
2011-07-01,2011,7,-22.2
2011-07-01,2011,7,95.4
2011-07-01,2011,7,-6.4
2011-07-01,2011,7,-5.1
2011-07-01,2011,7,-3.7
2011-07-01,2011,7,-2.7
2011-07-01,2011,7,2.4
2011-07-01,2011,7,1.4
2011-08-01,2011,8,-29.4
2011-08-01,2011,8,-29.9
2011-08-01,2011,8,-22.2
2011-08-01,2011,8,-22.7
2011-08-01,2011,8,94.1
2011-08-01,2011,8,-3.6
2011-08-01,2011,8,-5.5
2011-08-01,2011,8,-10.5
2011-08-01,2011,8,-10.1
2011-08-01,2011,8,3.6
2011-08-01,2011,8,2
2011-09-01,2011,9,-31
2011-09-01,2011,9,-31
2011-09-01,2011,9,-22.9
2011-09-01,2011,9,-23.1
2011-09-01,2011,9,89.1
2011-09-01,2011,9,-9.3
2011-09-01,2011,9,-10.1
2011-09-01,2011,9,-9
2011-09-01,2011,9,-9.9
2011-09-01,2011,9,-5.2
2011-09-01,2011,9,-5.2
2011-10-01,2011,10,-31.2
2011-10-01,2011,10,-30.7
2011-10-01,2011,10,-27.1
2011-10-01,2011,10,-25.8
2011-10-01,2011,10,89.9
2011-10-01,2011,10,-11.5
2011-10-01,2011,10,-9.8
2011-10-01,2011,10,-12.2
2011-10-01,2011,10,-15.2
2011-10-01,2011,10,-1.3
2011-10-01,2011,10,-1.4
2011-11-01,2011,11,-29.3
2011-11-01,2011,11,-28.2
2011-11-01,2011,11,-22.3
2011-11-01,2011,11,-21.4
2011-11-01,2011,11,91.1
2011-11-01,2011,11,-13
2011-11-01,2011,11,-10
2011-11-01,2011,11,-19.2
2011-11-01,2011,11,-19.6
2011-11-01,2011,11,-3.8
2011-11-01,2011,11,-3.3
2011-12-01,2011,12,-33.3
2011-12-01,2011,12,-31.4
2011-12-01,2011,12,-25.5
2011-12-01,2011,12,-24.8
2011-12-01,2011,12,83.3
2011-12-01,2011,12,-15.2
2011-12-01,2011,12,-12.5
2011-12-01,2011,12,-28.7
2011-12-01,2011,12,-25.3
2011-12-01,2011,12,-15.5
2011-12-01,2011,12,-10.4
2012-01-01,2012,1,-33.3
2012-01-01,2012,1,-33.4
2012-01-01,2012,1,-26.9
2012-01-01,2012,1,-27
2012-01-01,2012,1,83.5
2012-01-01,2012,1,-11.4
2012-01-01,2012,1,-11.7
2012-01-01,2012,1,-25
2012-01-01,2012,1,-24.9
2012-01-01,2012,1,-17.4
2012-01-01,2012,1,-14.8
2012-02-01,2012,2,-31.7
2012-02-01,2012,2,-32.3
2012-02-01,2012,2,-23.6
2012-02-01,2012,2,-23.9
2012-02-01,2012,2,83.4
2012-02-01,2012,2,-11.6
2012-02-01,2012,2,-12.5
2012-02-01,2012,2,-23.7
2012-02-01,2012,2,-22.2
2012-02-01,2012,2,-15.6
2012-02-01,2012,2,-14.6
2012-03-01,2012,3,-30.5
2012-03-01,2012,3,-31
2012-03-01,2012,3,-22.1
2012-03-01,2012,3,-21.8
2012-03-01,2012,3,86
2012-03-01,2012,3,-11.6
2012-03-01,2012,3,-12.7
2012-03-01,2012,3,-19.5
2012-03-01,2012,3,-18.9
2012-03-01,2012,3,-11.8
2012-03-01,2012,3,-12.5
2012-04-01,2012,4,-29.4
2012-04-01,2012,4,-30.7
2012-04-01,2012,4,-29.4
2012-04-01,2012,4,-29.3
2012-04-01,2012,4,80.5
2012-04-01,2012,4,-12.7
2012-04-01,2012,4,-14.5
2012-04-01,2012,4,-16.3
2012-04-01,2012,4,-18.1
2012-04-01,2012,4,-15.2
2012-04-01,2012,4,-15.1
2012-05-01,2012,5,-30.9
2012-05-01,2012,5,-30.9
2012-05-01,2012,5,-30.2
2012-05-01,2012,5,-30.9
2012-05-01,2012,5,77
2012-05-01,2012,5,-15.7
2012-05-01,2012,5,-17.1
2012-05-01,2012,5,-25.9
2012-05-01,2012,5,-25.3
2012-05-01,2012,5,-12
2012-05-01,2012,5,-15.3
2012-06-01,2012,6,-27.7
2012-06-01,2012,6,-28
2012-06-01,2012,6,-30.3
2012-06-01,2012,6,-31.2
2012-06-01,2012,6,80.4
2012-06-01,2012,6,-13.7
2012-06-01,2012,6,-14.3
2012-06-01,2012,6,-15.8
2012-06-01,2012,6,-16.3
2012-06-01,2012,6,-13
2012-06-01,2012,6,-15.9
2012-07-01,2012,7,-30
2012-07-01,2012,7,-30.4
2012-07-01,2012,7,-28.3
2012-07-01,2012,7,-29
2012-07-01,2012,7,79.1
2012-07-01,2012,7,-17.6
2012-07-01,2012,7,-16.3
2012-07-01,2012,7,-26.2
2012-07-01,2012,7,-25.7
2012-07-01,2012,7,-12.5
2012-07-01,2012,7,-14.1
2012-08-01,2012,8,-29.2
2012-08-01,2012,8,-29.7
2012-08-01,2012,8,-25.7
2012-08-01,2012,8,-26.3
2012-08-01,2012,8,79.2
2012-08-01,2012,8,-13.7
2012-08-01,2012,8,-15.1
2012-08-01,2012,8,-29.2
2012-08-01,2012,8,-28.6
2012-08-01,2012,8,-17.5
2012-08-01,2012,8,-19.1
2012-09-01,2012,9,-26.8
2012-09-01,2012,9,-26.8
2012-09-01,2012,9,-28.3
2012-09-01,2012,9,-28.5
2012-09-01,2012,9,77.8
2012-09-01,2012,9,-14.8
2012-09-01,2012,9,-15.9
2012-09-01,2012,9,-22.6
2012-09-01,2012,9,-23.9
2012-09-01,2012,9,-22.9
2012-09-01,2012,9,-21.3
2012-10-01,2012,10,-31.1
2012-10-01,2012,10,-30.7
2012-10-01,2012,10,-28.3
2012-10-01,2012,10,-27.1
2012-10-01,2012,10,79.2
2012-10-01,2012,10,-18.9
2012-10-01,2012,10,-17
2012-10-01,2012,10,-18.5
2012-10-01,2012,10,-22.2
2012-10-01,2012,10,-20
2012-10-01,2012,10,-17.3
2012-11-01,2012,11,-33.1
2012-11-01,2012,11,-32
2012-11-01,2012,11,-29.9
2012-11-01,2012,11,-28.9
2012-11-01,2012,11,80.2
2012-11-01,2012,11,-18.5
2012-11-01,2012,11,-15.6
2012-11-01,2012,11,-19.7
2012-11-01,2012,11,-20.5
2012-11-01,2012,11,-19.1
2012-11-01,2012,11,-16.8
2012-12-01,2012,12,-33
2012-12-01,2012,12,-31.1
2012-12-01,2012,12,-30.8
2012-12-01,2012,12,-30.1
2012-12-01,2012,12,80.7
2012-12-01,2012,12,-16.7
2012-12-01,2012,12,-14.4
2012-12-01,2012,12,-29.2
2012-12-01,2012,12,-26.3
2012-12-01,2012,12,-24.2
2012-12-01,2012,12,-19.6
2013-01-01,2013,1,-32.9
2013-01-01,2013,1,-33.1
2013-01-01,2013,1,-29.1
2013-01-01,2013,1,-29.2
2013-01-01,2013,1,80.1
2013-01-01,2013,1,-15
2013-01-01,2013,1,-15
2013-01-01,2013,1,-28.7
2013-01-01,2013,1,-28.5
2013-01-01,2013,1,-15.9
2013-01-01,2013,1,-15
2013-02-01,2013,2,-32.2
2013-02-01,2013,2,-32.8
2013-02-01,2013,2,-27.4
2013-02-01,2013,2,-27.6
2013-02-01,2013,2,79.2
2013-02-01,2013,2,-13.6
2013-02-01,2013,2,-14.8
2013-02-01,2013,2,-32.2
2013-02-01,2013,2,-30.5
2013-02-01,2013,2,-18.2
2013-02-01,2013,2,-18.8
2013-03-01,2013,3,-34.1
2013-03-01,2013,3,-34.6
2013-03-01,2013,3,-29.3
2013-03-01,2013,3,-29.1
2013-03-01,2013,3,81.1
2013-03-01,2013,3,-13.3
2013-03-01,2013,3,-15
2013-03-01,2013,3,-31.4
2013-03-01,2013,3,-30.1
2013-03-01,2013,3,-12.7
2013-03-01,2013,3,-14.7
2013-04-01,2013,4,-32.5
2013-04-01,2013,4,-33.7
2013-04-01,2013,4,-25.6
2013-04-01,2013,4,-25.5
2013-04-01,2013,4,79.4
2013-04-01,2013,4,-14.3
2013-04-01,2013,4,-15.3
2013-04-01,2013,4,-26
2013-04-01,2013,4,-26.7
2013-04-01,2013,4,-22.9
2013-04-01,2013,4,-22.1
2013-05-01,2013,5,-29.6
2013-05-01,2013,5,-29.5
2013-05-01,2013,5,-26.5
2013-05-01,2013,5,-27.1
2013-05-01,2013,5,80.7
2013-05-01,2013,5,-13
2013-05-01,2013,5,-14.3
2013-05-01,2013,5,-23.5
2013-05-01,2013,5,-22.5
2013-05-01,2013,5,-18.4
2013-05-01,2013,5,-20.6
2013-06-01,2013,6,-37.6
2013-06-01,2013,6,-37.9
2013-06-01,2013,6,-22.2
2013-06-01,2013,6,-23.2
2013-06-01,2013,6,82.9
2013-06-01,2013,6,-11.4
2013-06-01,2013,6,-12
2013-06-01,2013,6,-16.1
2013-06-01,2013,6,-16.7
2013-06-01,2013,6,-18.6
2013-06-01,2013,6,-20.2
2013-07-01,2013,7,-34.2
2013-07-01,2013,7,-34.5
2013-07-01,2013,7,-23.9
2013-07-01,2013,7,-24.6
2013-07-01,2013,7,84.7
2013-07-01,2013,7,-10.9
2013-07-01,2013,7,-9.7
2013-07-01,2013,7,-15.1
2013-07-01,2013,7,-15.2
2013-07-01,2013,7,-17.6
2013-07-01,2013,7,-18.3
2013-08-01,2013,8,-29.4
2013-08-01,2013,8,-29.9
2013-08-01,2013,8,-23.9
2013-08-01,2013,8,-24.4
2013-08-01,2013,8,88.8
2013-08-01,2013,8,-7
2013-08-01,2013,8,-8
2013-08-01,2013,8,-12.4
2013-08-01,2013,8,-11.8
2013-08-01,2013,8,-9.8
2013-08-01,2013,8,-11
2013-09-01,2013,9,-27.6
2013-09-01,2013,9,-27.6
2013-09-01,2013,9,-21
2013-09-01,2013,9,-21.2
2013-09-01,2013,9,93.5
2013-09-01,2013,9,-3.9
2013-09-01,2013,9,-4.8
2013-09-01,2013,9,-5.3
2013-09-01,2013,9,-6.5
2013-09-01,2013,9,-15.3
2013-09-01,2013,9,-13.9
2013-10-01,2013,10,-30.1
2013-10-01,2013,10,-29.6
2013-10-01,2013,10,-27.1
2013-10-01,2013,10,-25.9
2013-10-01,2013,10,90.4
2013-10-01,2013,10,-8
2013-10-01,2013,10,-5.9
2013-10-01,2013,10,-4.7
2013-10-01,2013,10,-8.3
2013-10-01,2013,10,-13.9
2013-10-01,2013,10,-11.6
2013-11-01,2013,11,-29.6
2013-11-01,2013,11,-28.5
2013-11-01,2013,11,-24.3
2013-11-01,2013,11,-23.3
2013-11-01,2013,11,93.7
2013-11-01,2013,11,-5.9
2013-11-01,2013,11,-3.6
2013-11-01,2013,11,-8.8
2013-11-01,2013,11,-9.6
2013-11-01,2013,11,-8.9
2013-11-01,2013,11,-7.7
2013-12-01,2013,12,-31.6
2013-12-01,2013,12,-29.7
2013-12-01,2013,12,-24.4
2013-12-01,2013,12,-23.7
2013-12-01,2013,12,93.8
2013-12-01,2013,12,-5.4
2013-12-01,2013,12,-3.2
2013-12-01,2013,12,-10.4
2013-12-01,2013,12,-8
2013-12-01,2013,12,-13.7
2013-12-01,2013,12,-10.3
2014-01-01,2014,1,-32.5
2014-01-01,2014,1,-32.6
2014-01-01,2014,1,-24.6
2014-01-01,2014,1,-24.6
2014-01-01,2014,1,94.8
2014-01-01,2014,1,-3.5
2014-01-01,2014,1,-3.5
2014-01-01,2014,1,-2.2
2014-01-01,2014,1,-2.2
2014-01-01,2014,1,-8.1
2014-01-01,2014,1,-6.8
2014-02-01,2014,2,-33.9
2014-02-01,2014,2,-34.6
2014-02-01,2014,2,-23
2014-02-01,2014,2,-23.2
2014-02-01,2014,2,95.2
2014-02-01,2014,2,-2.4
2014-02-01,2014,2,-3.5
2014-02-01,2014,2,-1.7
2014-02-01,2014,2,-0.6
2014-02-01,2014,2,-9.1
2014-02-01,2014,2,-8.6
2014-03-01,2014,3,-37.1
2014-03-01,2014,3,-37.7
2014-03-01,2014,3,-20.2
2014-03-01,2014,3,-20
2014-03-01,2014,3,96.8
2014-03-01,2014,3,-2.2
2014-03-01,2014,3,-3.5
2014-03-01,2014,3,-4.9
2014-03-01,2014,3,-3.7
2014-03-01,2014,3,-1.1
2014-03-01,2014,3,-2.8
2014-04-01,2014,4,-35.3
2014-04-01,2014,4,-36.5
2014-04-01,2014,4,-17
2014-04-01,2014,4,-16.9
2014-04-01,2014,4,96.6
2014-04-01,2014,4,-1.3
2014-04-01,2014,4,-3.3
2014-04-01,2014,4,-4.5
2014-04-01,2014,4,-4.9
2014-04-01,2014,4,-3.8
2014-04-01,2014,4,-4.6
2014-05-01,2014,5,-34.1
2014-05-01,2014,5,-34
2014-05-01,2014,5,-13.9
2014-05-01,2014,5,-14.5
2014-05-01,2014,5,97.7
2014-05-01,2014,5,-2.5
2014-05-01,2014,5,-3.7
2014-05-01,2014,5,-2.6
2014-05-01,2014,5,-1.7
2014-05-01,2014,5,-2.7
2014-05-01,2014,5,-6.5
2014-06-01,2014,6,-30.2
2014-06-01,2014,6,-30.5
2014-06-01,2014,6,-15.4
2014-06-01,2014,6,-16.4
2014-06-01,2014,6,96.8
2014-06-01,2014,6,-3.5
2014-06-01,2014,6,-3.9
2014-06-01,2014,6,2.8
2014-06-01,2014,6,2.3
2014-06-01,2014,6,-1.2
2014-06-01,2014,6,-4.6
2014-07-01,2014,7,-25.4
2014-07-01,2014,7,-25.7
2014-07-01,2014,7,-18.9
2014-07-01,2014,7,-19.5
2014-07-01,2014,7,96.7
2014-07-01,2014,7,-5.2
2014-07-01,2014,7,-4.3
2014-07-01,2014,7,3.3
2014-07-01,2014,7,3
2014-07-01,2014,7,3.2
2014-07-01,2014,7,-0.2
2014-08-01,2014,8,-31.5
2014-08-01,2014,8,-31.9
2014-08-01,2014,8,-21.2
2014-08-01,2014,8,-21.7
2014-08-01,2014,8,91.8
2014-08-01,2014,8,-6
2014-08-01,2014,8,-6.6
2014-08-01,2014,8,-1.7
2014-08-01,2014,8,-1
2014-08-01,2014,8,-0.2
2014-08-01,2014,8,-2.8
2014-09-01,2014,9,-31.6
2014-09-01,2014,9,-31.6
2014-09-01,2014,9,-19.9
2014-09-01,2014,9,-20.1
2014-09-01,2014,9,91.6
2014-09-01,2014,9,-6.1
2014-09-01,2014,9,-6.8
2014-09-01,2014,9,-5.8
2014-09-01,2014,9,-6.5
2014-09-01,2014,9,-6.2
2014-09-01,2014,9,-5.4
2014-10-01,2014,10,-28.8
2014-10-01,2014,10,-28.3
2014-10-01,2014,10,-22.3
2014-10-01,2014,10,-21.1
2014-10-01,2014,10,92.2
2014-10-01,2014,10,-8.3
2014-10-01,2014,10,-6.5
2014-10-01,2014,10,-2
2014-10-01,2014,10,-5.4
2014-10-01,2014,10,-9.6
2014-10-01,2014,10,-5.9
2014-11-01,2014,11,-31.5
2014-11-01,2014,11,-30.3
2014-11-01,2014,11,-21.9
2014-11-01,2014,11,-20.9
2014-11-01,2014,11,92.4
2014-11-01,2014,11,-8
2014-11-01,2014,11,-5.4
2014-11-01,2014,11,-2.4
2014-11-01,2014,11,-3.4
2014-11-01,2014,11,-11.5
2014-11-01,2014,11,-7.2
2014-12-01,2014,12,-34.4
2014-12-01,2014,12,-32.5
2014-12-01,2014,12,-23.6
2014-12-01,2014,12,-22.9
2014-12-01,2014,12,92.1
2014-12-01,2014,12,-7.8
2014-12-01,2014,12,-5.7
2014-12-01,2014,12,-0.1
2014-12-01,2014,12,2
2014-12-01,2014,12,-9.6
2014-12-01,2014,12,-4.2
2015-01-01,2015,1,-29.2
2015-01-01,2015,1,-29.3
2015-01-01,2015,1,-21.6
2015-01-01,2015,1,-21.7
2015-01-01,2015,1,94.9
2015-01-01,2015,1,-5.1
2015-01-01,2015,1,-5.1
2015-01-01,2015,1,1.4
2015-01-01,2015,1,1.7
2015-01-01,2015,1,-3.8
2015-01-01,2015,1,-1.1
2015-02-01,2015,2,-28.3
2015-02-01,2015,2,-28.9
2015-02-01,2015,2,-14.3
2015-02-01,2015,2,-14.5
2015-02-01,2015,2,98
2015-02-01,2015,2,-3.6
2015-02-01,2015,2,-4.5
2015-02-01,2015,2,1.9
2015-02-01,2015,2,2.9
2015-02-01,2015,2,1.3
2015-02-01,2015,2,1.9
2015-03-01,2015,3,-23.4
2015-03-01,2015,3,-23.9
2015-03-01,2015,3,-13.2
2015-03-01,2015,3,-13
2015-03-01,2015,3,102.6
2015-03-01,2015,3,0.3
2015-03-01,2015,3,-1.5
2015-03-01,2015,3,4.5
2015-03-01,2015,3,5.4
2015-03-01,2015,3,6.2
2015-03-01,2015,3,5.1
2015-04-01,2015,4,-25.2
2015-04-01,2015,4,-26.3
2015-04-01,2015,4,-14.3
2015-04-01,2015,4,-14.2
2015-04-01,2015,4,101.7
2015-04-01,2015,4,0.4
2015-04-01,2015,4,-1.4
2015-04-01,2015,4,9.7
2015-04-01,2015,4,9.7
2015-04-01,2015,4,4.6
2015-04-01,2015,4,3.5
2015-05-01,2015,5,-26.2
2015-05-01,2015,5,-26.1
2015-05-01,2015,5,-14.7
2015-05-01,2015,5,-15.3
2015-05-01,2015,5,101.5
2015-05-01,2015,5,-0.1
2015-05-01,2015,5,-1.3
2015-05-01,2015,5,7
2015-05-01,2015,5,8.4
2015-05-01,2015,5,7.8
2015-05-01,2015,5,4.1
2015-06-01,2015,6,-20.9
2015-06-01,2015,6,-21.3
2015-06-01,2015,6,-13.8
2015-06-01,2015,6,-14.7
2015-06-01,2015,6,103.6
2015-06-01,2015,6,-0.4
2015-06-01,2015,6,-0.8
2015-06-01,2015,6,9.3
2015-06-01,2015,6,9.3
2015-06-01,2015,6,8.2
2015-06-01,2015,6,5.2
2015-07-01,2015,7,-22.3
2015-07-01,2015,7,-22.7
2015-07-01,2015,7,-17.2
2015-07-01,2015,7,-17.8
2015-07-01,2015,7,102.4
2015-07-01,2015,7,-2.4
2015-07-01,2015,7,-1.6
2015-07-01,2015,7,8.4
2015-07-01,2015,7,8.4
2015-07-01,2015,7,13.4
2015-07-01,2015,7,10.5
2015-08-01,2015,8,-21.1
2015-08-01,2015,8,-21.5
2015-08-01,2015,8,-14.5
2015-08-01,2015,8,-15
2015-08-01,2015,8,102.9
2015-08-01,2015,8,-1.4
2015-08-01,2015,8,-1.6
2015-08-01,2015,8,9.9
2015-08-01,2015,8,10.7
2015-08-01,2015,8,10.4
2015-08-01,2015,8,8.3
2015-09-01,2015,9,-18.5
2015-09-01,2015,9,-18.6
2015-09-01,2015,9,-11.1
2015-09-01,2015,9,-11.4
2015-09-01,2015,9,106.3
2015-09-01,2015,9,-0.3
2015-09-01,2015,9,-0.9
2015-09-01,2015,9,12.3
2015-09-01,2015,9,11.2
2015-09-01,2015,9,11.7
2015-09-01,2015,9,11.2
2015-10-01,2015,10,-20.9
2015-10-01,2015,10,-20.5
2015-10-01,2015,10,-10.8
2015-10-01,2015,10,-9.6
2015-10-01,2015,10,106.7
2015-10-01,2015,10,-1.5
2015-10-01,2015,10,-0.1
2015-10-01,2015,10,21.9
2015-10-01,2015,10,17.6
2015-10-01,2015,10,6.8
2015-10-01,2015,10,8.2
2015-11-01,2015,11,-19.8
2015-11-01,2015,11,-18.6
2015-11-01,2015,11,-8.8
2015-11-01,2015,11,-7.8
2015-11-01,2015,11,106.9
2015-11-01,2015,11,-3.4
2015-11-01,2015,11,-0.7
2015-11-01,2015,11,18.1
2015-11-01,2015,11,16.1
2015-11-01,2015,11,7
2015-11-01,2015,11,9
2015-12-01,2015,12,-24.2
2015-12-01,2015,12,-22.2
2015-12-01,2015,12,-10.9
2015-12-01,2015,12,-10.3
2015-12-01,2015,12,105.7
2015-12-01,2015,12,-3.5
2015-12-01,2015,12,-1.5
2015-12-01,2015,12,7.6
2015-12-01,2015,12,9.3
2015-12-01,2015,12,7.9
2015-12-01,2015,12,11.7
2016-01-01,2016,1,-24.3
2016-01-01,2016,1,-24.5
2016-01-01,2016,1,-10.3
2016-01-01,2016,1,-10.4
2016-01-01,2016,1,103.9
2016-01-01,2016,1,-2.2
2016-01-01,2016,1,-2.3
2016-01-01,2016,1,5
2016-01-01,2016,1,5.5
2016-01-01,2016,1,5.9
2016-01-01,2016,1,7.9
2016-02-01,2016,2,-21.2
2016-02-01,2016,2,-21.8
2016-02-01,2016,2,-9.7
2016-02-01,2016,2,-10
2016-02-01,2016,2,103.9
2016-02-01,2016,2,-2.5
2016-02-01,2016,2,-3.6
2016-02-01,2016,2,7.2
2016-02-01,2016,2,8.1
2016-02-01,2016,2,7.2
2016-02-01,2016,2,8.1
2016-03-01,2016,3,-21.8
2016-03-01,2016,3,-22.3
2016-03-01,2016,3,-11.6
2016-03-01,2016,3,-11.4
2016-03-01,2016,3,102.1
2016-03-01,2016,3,-1.3
2016-03-01,2016,3,-3.5
2016-03-01,2016,3,6.2
2016-03-01,2016,3,7.2
2016-03-01,2016,3,5.6
2016-03-01,2016,3,6
2016-04-01,2016,4,-19.9
2016-04-01,2016,4,-21.1
2016-04-01,2016,4,-10.9
2016-04-01,2016,4,-10.8
2016-04-01,2016,4,105.9
2016-04-01,2016,4,-0.9
2016-04-01,2016,4,-2.3
2016-04-01,2016,4,5.3
2016-04-01,2016,4,5.9
2016-04-01,2016,4,14.8
2016-04-01,2016,4,13.1
2016-05-01,2016,5,-20.5
2016-05-01,2016,5,-20.4
2016-05-01,2016,5,-13.4
2016-05-01,2016,5,-13.9
2016-05-01,2016,5,105
2016-05-01,2016,5,-1.6
2016-05-01,2016,5,-2.6
2016-05-01,2016,5,3.3
2016-05-01,2016,5,5.3
2016-05-01,2016,5,18.8
2016-05-01,2016,5,14.2
2016-06-01,2016,6,-19.7
2016-06-01,2016,6,-20
2016-06-01,2016,6,-12.3
2016-06-01,2016,6,-13.3
2016-06-01,2016,6,103.8
2016-06-01,2016,6,-1.6
2016-06-01,2016,6,-1.9
2016-06-01,2016,6,1.7
2016-06-01,2016,6,2.2
2016-06-01,2016,6,11.4
2016-06-01,2016,6,8.8
2016-07-01,2016,7,-16.6
2016-07-01,2016,7,-17
2016-07-01,2016,7,-11.5
2016-07-01,2016,7,-12.2
2016-07-01,2016,7,103.9
2016-07-01,2016,7,-2.7
2016-07-01,2016,7,-2
2016-07-01,2016,7,2.9
2016-07-01,2016,7,3.1
2016-07-01,2016,7,9.3
2016-07-01,2016,7,7.6
2016-08-01,2016,8,-18.4
2016-08-01,2016,8,-18.8
2016-08-01,2016,8,-14.9
2016-08-01,2016,8,-15.4
2016-08-01,2016,8,101.4
2016-08-01,2016,8,-3
2016-08-01,2016,8,-2.8
2016-08-01,2016,8,-1.3
2016-08-01,2016,8,0
2016-08-01,2016,8,6.6
2016-08-01,2016,8,6.3
2016-09-01,2016,9,-17.2
2016-09-01,2016,9,-17.2
2016-09-01,2016,9,-16.7
2016-09-01,2016,9,-16.9
2016-09-01,2016,9,101.2
2016-09-01,2016,9,-2.4
2016-09-01,2016,9,-2.9
2016-09-01,2016,9,5.4
2016-09-01,2016,9,4.1
2016-09-01,2016,9,4.9
2016-09-01,2016,9,6.2
2016-10-01,2016,10,-16.9
2016-10-01,2016,10,-16.5
2016-10-01,2016,10,-17.1
2016-10-01,2016,10,-16
2016-10-01,2016,10,102.2
2016-10-01,2016,10,-3.8
2016-10-01,2016,10,-2.6
2016-10-01,2016,10,6.9
2016-10-01,2016,10,2.6
2016-10-01,2016,10,7.3
2016-10-01,2016,10,9.4
2016-11-01,2016,11,-17.9
2016-11-01,2016,11,-16.8
2016-11-01,2016,11,-16.1
2016-11-01,2016,11,-15.1
2016-11-01,2016,11,102.3
2016-11-01,2016,11,-5.4
2016-11-01,2016,11,-2.7
2016-11-01,2016,11,10.1
2016-11-01,2016,11,7.9
2016-11-01,2016,11,6.2
2016-11-01,2016,11,8.7
2016-12-01,2016,12,-20.5
2016-12-01,2016,12,-18.6
2016-12-01,2016,12,-16.4
2016-12-01,2016,12,-15.7
2016-12-01,2016,12,101.5
2016-12-01,2016,12,-3.5
2016-12-01,2016,12,-1.6
2016-12-01,2016,12,6.7
2016-12-01,2016,12,8
2016-12-01,2016,12,0.8
2016-12-01,2016,12,6
2017-01-01,2017,1,-18.1
2017-01-01,2017,1,-18.3
2017-01-01,2017,1,-14.7
2017-01-01,2017,1,-14.8
2017-01-01,2017,1,105.1
2017-01-01,2017,1,-0.1
2017-01-01,2017,1,-0.2
2017-01-01,2017,1,6.4
2017-01-01,2017,1,6.6
2017-01-01,2017,1,8.2
2017-01-01,2017,1,10.2
2017-02-01,2017,2,-18.2
2017-02-01,2017,2,-18.8
2017-02-01,2017,2,-15.9
2017-02-01,2017,2,-16.2
2017-02-01,2017,2,104.5
2017-02-01,2017,2,1.7
2017-02-01,2017,2,0.4
2017-02-01,2017,2,10.3
2017-02-01,2017,2,10.6
2017-02-01,2017,2,10.3
2017-02-01,2017,2,9.9
2017-03-01,2017,3,-18.6
2017-03-01,2017,3,-19.1
2017-03-01,2017,3,-14.5
2017-03-01,2017,3,-14.3
2017-03-01,2017,3,106.2
2017-03-01,2017,3,3.7
2017-03-01,2017,3,1.9
2017-03-01,2017,3,10.5
2017-03-01,2017,3,11.6
2017-03-01,2017,3,10.5
2017-03-01,2017,3,9.5
2017-04-01,2017,4,-15.5
2017-04-01,2017,4,-16.6
2017-04-01,2017,4,-15.8
2017-04-01,2017,4,-15.6
2017-04-01,2017,4,107.3
2017-04-01,2017,4,4.5
2017-04-01,2017,4,2.6
2017-04-01,2017,4,15
2017-04-01,2017,4,16.3
2017-04-01,2017,4,13.1
2017-04-01,2017,4,11.1
2017-05-01,2017,5,-15.4
2017-05-01,2017,5,-15.3
2017-05-01,2017,5,-15.9
2017-05-01,2017,5,-16.4
2017-05-01,2017,5,106.8
2017-05-01,2017,5,3.1
2017-05-01,2017,5,2.3
2017-05-01,2017,5,14.2
2017-05-01,2017,5,16.2
2017-05-01,2017,5,13.5
2017-05-01,2017,5,9.2
2017-06-01,2017,6,-14.3
2017-06-01,2017,6,-14.6
2017-06-01,2017,6,-17.4
2017-06-01,2017,6,-18.4
2017-06-01,2017,6,106.1
2017-06-01,2017,6,2.8
2017-06-01,2017,6,2.5
2017-06-01,2017,6,11.4
2017-06-01,2017,6,11.7
2017-06-01,2017,6,12.3
2017-06-01,2017,6,9.5
2017-07-01,2017,7,-13.4
2017-07-01,2017,7,-13.7
2017-07-01,2017,7,-17.1
2017-07-01,2017,7,-17.7
2017-07-01,2017,7,105
2017-07-01,2017,7,1.7
2017-07-01,2017,7,2.3
2017-07-01,2017,7,10
2017-07-01,2017,7,10.2
2017-07-01,2017,7,10.2
2017-07-01,2017,7,8.6
2017-08-01,2017,8,-15.1
2017-08-01,2017,8,-15.6
2017-08-01,2017,8,-13.5
2017-08-01,2017,8,-14
2017-08-01,2017,8,109.5
2017-08-01,2017,8,3.5
2017-08-01,2017,8,4
2017-08-01,2017,8,5.6
2017-08-01,2017,8,6.7
2017-08-01,2017,8,12.8
2017-08-01,2017,8,11.8
2017-09-01,2017,9,-12.7
2017-09-01,2017,9,-12.7
2017-09-01,2017,9,-10.4
2017-09-01,2017,9,-10.7
2017-09-01,2017,9,110.2
2017-09-01,2017,9,5.6
2017-09-01,2017,9,4.8
2017-09-01,2017,9,12.3
2017-09-01,2017,9,10.6
2017-09-01,2017,9,10.7
2017-09-01,2017,9,11.1
2017-10-01,2017,10,-13.9
2017-10-01,2017,10,-13.5
2017-10-01,2017,10,-11.1
2017-10-01,2017,10,-9.9
2017-10-01,2017,10,111.6
2017-10-01,2017,10,3.8
2017-10-01,2017,10,5.1
2017-10-01,2017,10,19.3
2017-10-01,2017,10,14.7
2017-10-01,2017,10,10.3
2017-10-01,2017,10,11.9
2017-11-01,2017,11,-12.7
2017-11-01,2017,11,-11.5
2017-11-01,2017,11,-11.1
2017-11-01,2017,11,-10.1
2017-11-01,2017,11,111.4
2017-11-01,2017,11,2.6
2017-11-01,2017,11,5.2
2017-11-01,2017,11,14
2017-11-01,2017,11,11.8
2017-11-01,2017,11,11.1
2017-11-01,2017,11,12.6
2017-12-01,2017,12,-16.1
2017-12-01,2017,12,-14.1
2017-12-01,2017,12,-9.7
2017-12-01,2017,12,-9.1
2017-12-01,2017,12,110.9
2017-12-01,2017,12,2.8
2017-12-01,2017,12,4.5
2017-12-01,2017,12,12.2
2017-12-01,2017,12,13.2
2017-12-01,2017,12,8
2017-12-01,2017,12,12.5
2018-01-01,2018,1,-14.6
2018-01-01,2018,1,-14.8
2018-01-01,2018,1,-10.6
2018-01-01,2018,1,-10.7
2018-01-01,2018,1,108.3
2018-01-01,2018,1,4.4
2018-01-01,2018,1,4.2
2018-01-01,2018,1,11
2018-01-01,2018,1,11
2018-01-01,2018,1,7.3
2018-01-01,2018,1,9.6
2018-02-01,2018,2,-12.8
2018-02-01,2018,2,-13.5
2018-02-01,2018,2,-9.7
2018-02-01,2018,2,-10
2018-02-01,2018,2,110.4
2018-02-01,2018,2,5.8
2018-02-01,2018,2,4.1
2018-02-01,2018,2,6.7
2018-02-01,2018,2,6.8
2018-02-01,2018,2,12.6
2018-02-01,2018,2,12.7
2018-03-01,2018,3,-12.4
2018-03-01,2018,3,-13
2018-03-01,2018,3,-10.3
2018-03-01,2018,3,-10
2018-03-01,2018,3,108.7
2018-03-01,2018,3,5.3
2018-03-01,2018,3,3.3
2018-03-01,2018,3,6.7
2018-03-01,2018,3,8.1
2018-03-01,2018,3,11.1
2018-03-01,2018,3,10.7
2018-04-01,2018,4,-10.7
2018-04-01,2018,4,-11.8
2018-04-01,2018,4,-8
2018-04-01,2018,4,-7.8
2018-04-01,2018,4,109.8
2018-04-01,2018,4,4.2
2018-04-01,2018,4,3.1
2018-04-01,2018,4,0.8
2018-04-01,2018,4,3.6
2018-04-01,2018,4,12
2018-04-01,2018,4,11.2
2018-05-01,2018,5,-11.4
2018-05-01,2018,5,-11.3
2018-05-01,2018,5,-11.9
2018-05-01,2018,5,-12.4
2018-05-01,2018,5,107
2018-05-01,2018,5,3.3
2018-05-01,2018,5,2.3
2018-05-01,2018,5,2.6
2018-05-01,2018,5,5.3
2018-05-01,2018,5,13.7
2018-05-01,2018,5,10
2018-06-01,2018,6,-12.2
2018-06-01,2018,6,-12.5
2018-06-01,2018,6,-8.5
2018-06-01,2018,6,-9.6
2018-06-01,2018,6,108
2018-06-01,2018,6,1.7
2018-06-01,2018,6,1.4
2018-06-01,2018,6,6.7
2018-06-01,2018,6,7.1
2018-06-01,2018,6,14.1
2018-06-01,2018,6,11
2018-07-01,2018,7,-7.6
2018-07-01,2018,7,-7.9
2018-07-01,2018,7,-8.5
2018-07-01,2018,7,-9.1
2018-07-01,2018,7,107.6
2018-07-01,2018,7,0.4
2018-07-01,2018,7,1.2
2018-07-01,2018,7,3.5
2018-07-01,2018,7,3.5
2018-07-01,2018,7,11
2018-07-01,2018,7,8.8
2018-08-01,2018,8,-8
2018-08-01,2018,8,-8.4
2018-08-01,2018,8,-9.3
2018-08-01,2018,8,-9.8
2018-08-01,2018,8,106.8
2018-08-01,2018,8,-0.1
2018-08-01,2018,8,0.4
2018-08-01,2018,8,4
2018-08-01,2018,8,4.2
2018-08-01,2018,8,10.2
2018-08-01,2018,8,8.4
2018-09-01,2018,9,-9.6
2018-09-01,2018,9,-9.6
2018-09-01,2018,9,-8.1
2018-09-01,2018,9,-8.4
2018-09-01,2018,9,106.8
2018-09-01,2018,9,1.2
2018-09-01,2018,9,0.6
2018-09-01,2018,9,7.8
2018-09-01,2018,9,5.6
2018-09-01,2018,9,8.6
2018-09-01,2018,9,8.2
2018-10-01,2018,10,-8.3
2018-10-01,2018,10,-7.9
2018-10-01,2018,10,-9.1
2018-10-01,2018,10,-8
2018-10-01,2018,10,106.1
2018-10-01,2018,10,-1.9
2018-10-01,2018,10,-0.6
2018-10-01,2018,10,7.6
2018-10-01,2018,10,2.7
2018-10-01,2018,10,6.1
2018-10-01,2018,10,7.5
2018-11-01,2018,11,-12.5
2018-11-01,2018,11,-11.3
2018-11-01,2018,11,-10
2018-11-01,2018,11,-9
2018-11-01,2018,11,104.7
2018-11-01,2018,11,-3.5
2018-11-01,2018,11,-1
2018-11-01,2018,11,6.1
2018-11-01,2018,11,4.1
2018-11-01,2018,11,4.3
2018-11-01,2018,11,5.6
2018-12-01,2018,12,-13.9
2018-12-01,2018,12,-12
2018-12-01,2018,12,-10.5
2018-12-01,2018,12,-9.8
2018-12-01,2018,12,102.8
2018-12-01,2018,12,-3.6
2018-12-01,2018,12,-1.8
2018-12-01,2018,12,5.6
2018-12-01,2018,12,6.6
2018-12-01,2018,12,-1.7
2018-12-01,2018,12,2.4
2019-01-01,2019,1,-8
2019-01-01,2019,1,-8.2
2019-01-01,2019,1,-10
2019-01-01,2019,1,-10.1
2019-01-01,2019,1,102
2019-01-01,2019,1,-3.2
2019-01-01,2019,1,-3.4
2019-01-01,2019,1,5.3
2019-01-01,2019,1,5.4
2019-01-01,2019,1,-0.2
2019-01-01,2019,1,2.9
2019-02-01,2019,2,-10.5
2019-02-01,2019,2,-11.1
2019-02-01,2019,2,-10.9
2019-02-01,2019,2,-11.1
2019-02-01,2019,2,100.4
2019-02-01,2019,2,-2.6
2019-02-01,2019,2,-4.3
2019-02-01,2019,2,6.9
2019-02-01,2019,2,6.6
2019-02-01,2019,2,0.6
2019-02-01,2019,2,1.9
2019-03-01,2019,3,-7.3
2019-03-01,2019,3,-7.9
2019-03-01,2019,3,-12.2
2019-03-01,2019,3,-12
2019-03-01,2019,3,101.3
2019-03-01,2019,3,-2.6
2019-03-01,2019,3,-4.3
2019-03-01,2019,3,7.2
2019-03-01,2019,3,9.2
2019-03-01,2019,3,3.8
2019-03-01,2019,3,4.5
2019-04-01,2019,4,-6.7
2019-04-01,2019,4,-7.8
2019-04-01,2019,4,-12.1
2019-04-01,2019,4,-11.9
2019-04-01,2019,4,101.9
2019-04-01,2019,4,-2.7
2019-04-01,2019,4,-4
2019-04-01,2019,4,4.2
2019-04-01,2019,4,8
2019-04-01,2019,4,4.4
2019-04-01,2019,4,4.4
2019-05-01,2019,5,-4.7
2019-05-01,2019,5,-4.6
2019-05-01,2019,5,-11.8
2019-05-01,2019,5,-12.3
2019-05-01,2019,5,102.8
2019-05-01,2019,5,-1.8
2019-05-01,2019,5,-2.8
2019-05-01,2019,5,5.1
2019-05-01,2019,5,8.4
2019-05-01,2019,5,6.8
2019-05-01,2019,5,3.5
2019-06-01,2019,6,-6.9
2019-06-01,2019,6,-7.2
2019-06-01,2019,6,-13
2019-06-01,2019,6,-14.1
2019-06-01,2019,6,100.8
2019-06-01,2019,6,-4
2019-06-01,2019,6,-4.2
2019-06-01,2019,6,8
2019-06-01,2019,6,8.7
2019-06-01,2019,6,5
2019-06-01,2019,6,2.5
2019-07-01,2019,7,-5.7
2019-07-01,2019,7,-6
2019-07-01,2019,7,-10.8
2019-07-01,2019,7,-11.4
2019-07-01,2019,7,102.3
2019-07-01,2019,7,-5.6
2019-07-01,2019,7,-4.6
2019-07-01,2019,7,11.9
2019-07-01,2019,7,11.5
2019-07-01,2019,7,5.2
2019-07-01,2019,7,3.4
2019-08-01,2019,8,-7.3
2019-08-01,2019,8,-7.7
2019-08-01,2019,8,-13.2
2019-08-01,2019,8,-13.7
2019-08-01,2019,8,100.6
2019-08-01,2019,8,-4.9
2019-08-01,2019,8,-4.6
2019-08-01,2019,8,10.5
2019-08-01,2019,8,9.8
2019-08-01,2019,8,2.7
2019-08-01,2019,8,1.7
2019-09-01,2019,9,-5.4
2019-09-01,2019,9,-5.4
2019-09-01,2019,9,-13
2019-09-01,2019,9,-13.3
2019-09-01,2019,9,99.9
2019-09-01,2019,9,-5.2
2019-09-01,2019,9,-5.6
2019-09-01,2019,9,11.3
2019-09-01,2019,9,8.5
2019-09-01,2019,9,1.9
2019-09-01,2019,9,1.6
2019-10-01,2019,10,-6.7
2019-10-01,2019,10,-6.3
2019-10-01,2019,10,-13.7
2019-10-01,2019,10,-12.5
2019-10-01,2019,10,100.3
2019-10-01,2019,10,-6.5
2019-10-01,2019,10,-5.4
2019-10-01,2019,10,14.6
2019-10-01,2019,10,9.3
2019-10-01,2019,10,2.1
2019-10-01,2019,10,3.3
2019-11-01,2019,11,-9.4
2019-11-01,2019,11,-8.2
2019-11-01,2019,11,-15.5
2019-11-01,2019,11,-14.5
2019-11-01,2019,11,100
2019-11-01,2019,11,-8.3
2019-11-01,2019,11,-5.7
2019-11-01,2019,11,12.1
2019-11-01,2019,11,9.8
2019-11-01,2019,11,2.2
2019-11-01,2019,11,2.8
2019-12-01,2019,12,-7.4
2019-12-01,2019,12,-5.5
2019-12-01,2019,12,-12.9
2019-12-01,2019,12,-12.3
2019-12-01,2019,12,100.7
2019-12-01,2019,12,-7.6
2019-12-01,2019,12,-5.8
2019-12-01,2019,12,11.8
2019-12-01,2019,12,12.8
2019-12-01,2019,12,1.4
2019-12-01,2019,12,3.5
2020-01-01,2020,1,-5.7
2020-01-01,2020,1,-5.9
2020-01-01,2020,1,-11.1
2020-01-01,2020,1,-11.2
2020-01-01,2020,1,100.4
2020-01-01,2020,1,-4.9
2020-01-01,2020,1,-5.4
2020-01-01,2020,1,8.6
2020-01-01,2020,1,8.8
2020-01-01,2020,1,0.7
2020-01-01,2020,1,1.3
2020-02-01,2020,2,-6
2020-02-01,2020,2,-6.7
2020-02-01,2020,2,-12.1
2020-02-01,2020,2,-12.3
2020-02-01,2020,2,100.4
2020-02-01,2020,2,-3.4
2020-02-01,2020,2,-5.6
2020-02-01,2020,2,9
2020-02-01,2020,2,8.2
2020-02-01,2020,2,1.6
2020-02-01,2020,2,1.4
2020-03-01,2020,3,-8.2
2020-03-01,2020,3,-8.8
2020-03-01,2020,3,-22.1
2020-03-01,2020,3,-21.9
2020-03-01,2020,3,80.4
2020-03-01,2020,3,-15.8
2020-03-01,2020,3,-17
2020-03-01,2020,3,-2.9
2020-03-01,2020,3,0
2020-03-01,2020,3,-21.8
2020-03-01,2020,3,-20.7
2020-05-01,2020,5,-28.4
2020-05-01,2020,5,-28.3
2020-05-01,2020,5,-21.9
2020-05-01,2020,5,-22.4
2020-05-01,2020,5,56.9
2020-05-01,2020,5,-31.1
2020-05-01,2020,5,-32.3
2020-05-01,2020,5,-31.1
2020-05-01,2020,5,-27.5
2020-05-01,2020,5,-56
2020-05-01,2020,5,-58.4
2020-06-01,2020,6,-18.1
2020-06-01,2020,6,-18.4
2020-06-01,2020,6,-13.4
2020-06-01,2020,6,-14.5
2020-06-01,2020,6,69.8
2020-06-01,2020,6,-25.4
2020-06-01,2020,6,-25.4
2020-06-01,2020,6,-19.8
2020-06-01,2020,6,-18.9
2020-06-01,2020,6,-44.3
2020-06-01,2020,6,-44.4
2020-07-01,2020,7,-14.3
2020-07-01,2020,7,-14.7
2020-07-01,2020,7,-15.5
2020-07-01,2020,7,-16.2
2020-07-01,2020,7,78.5
2020-07-01,2020,7,-20.6
2020-07-01,2020,7,-19.9
2020-07-01,2020,7,-13.2
2020-07-01,2020,7,-14
2020-07-01,2020,7,-30.5
2020-07-01,2020,7,-30.6
2020-08-01,2020,8,-12.4
2020-08-01,2020,8,-12.8
2020-08-01,2020,8,-14.7
2020-08-01,2020,8,-15.1
2020-08-01,2020,8,82.3
2020-08-01,2020,8,-18
2020-08-01,2020,8,-17.4
2020-08-01,2020,8,-5.3
2020-08-01,2020,8,-7
2020-08-01,2020,8,-21.4
2020-08-01,2020,8,-22.7
2020-09-01,2020,9,-8.5
2020-09-01,2020,9,-8.5
2020-09-01,2020,9,-12.3
2020-09-01,2020,9,-12.6
2020-09-01,2020,9,92.9
2020-09-01,2020,9,-11
2020-09-01,2020,9,-11.1
2020-09-01,2020,9,1.2
2020-09-01,2020,9,-2
2020-09-01,2020,9,-8
2020-09-01,2020,9,-10.6
2020-10-01,2020,10,-5.9
2020-10-01,2020,10,-5.5
2020-10-01,2020,10,-16.9
2020-10-01,2020,10,-15.8
2020-10-01,2020,10,94.2
2020-10-01,2020,10,-9
2020-10-01,2020,10,-8.2
2020-10-01,2020,10,6.1
2020-10-01,2020,10,0.8
2020-10-01,2020,10,-9.6
2020-10-01,2020,10,-9.8
2020-11-01,2020,11,-9.6
2020-11-01,2020,11,-8.4
2020-11-01,2020,11,-20.3
2020-11-01,2020,11,-19.3
2020-11-01,2020,11,84
2020-11-01,2020,11,-16.5
2020-11-01,2020,11,-13.5
2020-11-01,2020,11,-1.1
2020-11-01,2020,11,-3
2020-11-01,2020,11,-24.3
2020-11-01,2020,11,-22.2
2020-12-01,2020,12,-10.2
2020-12-01,2020,12,-8.2
2020-12-01,2020,12,-14.6
2020-12-01,2020,12,-14
2020-12-01,2020,12,92.5
2020-12-01,2020,12,-8.7
2020-12-01,2020,12,-6.9
2020-12-01,2020,12,-11.2
2020-12-01,2020,12,-9.3
2020-12-01,2020,12,-23.1
2020-12-01,2020,12,-18.2
2021-01-01,2021,1,-9.1
2021-01-01,2021,1,-9.3
2021-01-01,2021,1,-13.6
2021-01-01,2021,1,-13.7
2021-01-01,2021,1,96.5
2021-01-01,2021,1,-5.2
2021-01-01,2021,1,-5.8
2021-01-01,2021,1,-9.6
2021-01-01,2021,1,-8.8
2021-01-01,2021,1,-11.8
2021-01-01,2021,1,-8.5
2021-02-01,2021,2,-6.8
2021-02-01,2021,2,-7.4
2021-02-01,2021,2,-11.7
2021-02-01,2021,2,-12
2021-02-01,2021,2,99.1
2021-02-01,2021,2,-1.1
2021-02-01,2021,2,-3
2021-02-01,2021,2,-2.1
2021-02-01,2021,2,-2.4
2021-02-01,2021,2,-8.7
2021-02-01,2021,2,-7.1
2021-03-01,2021,3,-2.7
2021-03-01,2021,3,-3.3
2021-03-01,2021,3,-12.6
2021-03-01,2021,3,-12.3
2021-03-01,2021,3,101.6
2021-03-01,2021,3,1.5
2021-03-01,2021,3,-0.4
2021-03-01,2021,3,-5
2021-03-01,2021,3,-1.6
2021-03-01,2021,3,-7.3
2021-03-01,2021,3,-5
2021-04-01,2021,4,-2.5
2021-04-01,2021,4,-3.6
2021-04-01,2021,4,-10.5
2021-04-01,2021,4,-10.2
2021-04-01,2021,4,105.6
2021-04-01,2021,4,4.4
2021-04-01,2021,4,3.1
2021-04-01,2021,4,0.4
2021-04-01,2021,4,4.3
2021-04-01,2021,4,-6
2021-04-01,2021,4,-3.5
2021-05-01,2021,5,1.6
2021-05-01,2021,5,1.7
2021-05-01,2021,5,-5
2021-05-01,2021,5,-5.5
2021-05-01,2021,5,113.7
2021-05-01,2021,5,7.6
2021-05-01,2021,5,6.7
2021-05-01,2021,5,3.4
2021-05-01,2021,5,6.1
2021-05-01,2021,5,7.7
2021-05-01,2021,5,5
2021-06-01,2021,6,1.4
2021-06-01,2021,6,1.1
2021-06-01,2021,6,-1.3
2021-06-01,2021,6,-2.5
2021-06-01,2021,6,117.1
2021-06-01,2021,6,8.7
2021-06-01,2021,6,8.3
2021-06-01,2021,6,10.5
2021-06-01,2021,6,10.9
2021-06-01,2021,6,13.4
2021-06-01,2021,6,9.8
2021-07-01,2021,7,4.6
2021-07-01,2021,7,4.2
2021-07-01,2021,7,-1.7
2021-07-01,2021,7,-2.3
2021-07-01,2021,7,119.2
2021-07-01,2021,7,9.4
2021-07-01,2021,7,9.8
2021-07-01,2021,7,14.8
2021-07-01,2021,7,13.5
2021-07-01,2021,7,17.2
2021-07-01,2021,7,12.9
2021-08-01,2021,8,1
2021-08-01,2021,8,0.6
2021-08-01,2021,8,-4.1
2021-08-01,2021,8,-4.6
2021-08-01,2021,8,117.5
2021-08-01,2021,8,8.1
2021-08-01,2021,8,8.8
2021-08-01,2021,8,18.4
2021-08-01,2021,8,15.8
2021-08-01,2021,8,17.4
2021-08-01,2021,8,13.4
2021-09-01,2021,9,1.3
2021-09-01,2021,9,1.3
2021-09-01,2021,9,-3.7
2021-09-01,2021,9,-4
2021-09-01,2021,9,118.6
2021-09-01,2021,9,9.5
2021-09-01,2021,9,9.7
2021-09-01,2021,9,13.9
2021-09-01,2021,9,11
2021-09-01,2021,9,16.1
2021-09-01,2021,9,14.1
2021-10-01,2021,10,4.6
2021-10-01,2021,10,5
2021-10-01,2021,10,-4.3
2021-10-01,2021,10,-3.2
2021-10-01,2021,10,120.5
2021-10-01,2021,10,9.8
2021-10-01,2021,10,11.1
2021-10-01,2021,10,14.4
2021-10-01,2021,10,9.9
2021-10-01,2021,10,15.2
2021-10-01,2021,10,15.2
2021-11-01,2021,11,3.3
2021-11-01,2021,11,4.5
2021-11-01,2021,11,-7
2021-11-01,2021,11,-6
2021-11-01,2021,11,118.5
2021-11-01,2021,11,7.6
2021-11-01,2021,11,10.3
2021-11-01,2021,11,13
2021-11-01,2021,11,11.2
2021-11-01,2021,11,15.6
2021-11-01,2021,11,15.3
2021-12-01,2021,12,4.6
2021-12-01,2021,12,6.5
2021-12-01,2021,12,-6.4
2021-12-01,2021,12,-5.8
2021-12-01,2021,12,118.2
2021-12-01,2021,12,8.9
2021-12-01,2021,12,10.5
2021-12-01,2021,12,9.2
2021-12-01,2021,12,11.1
2021-12-01,2021,12,12.2
2021-12-01,2021,12,14.1
2022-01-01,2022,1,4.2
2022-01-01,2022,1,4
2022-01-01,2022,1,-10.1
2022-01-01,2022,1,-10.2
2022-01-01,2022,1,110.7
2022-01-01,2022,1,8.8
2022-01-01,2022,1,8.4
2022-01-01,2022,1,8.9
2022-01-01,2022,1,9.7
2022-01-01,2022,1,0.6
2022-01-01,2022,1,3.5
2022-02-01,2022,2,4.9
2022-02-01,2022,2,4.3
2022-02-01,2022,2,-10.7
2022-02-01,2022,2,-10.9
2022-02-01,2022,2,112.1
2022-02-01,2022,2,10.2
2022-02-01,2022,2,8.2
2022-02-01,2022,2,8
2022-02-01,2022,2,8
2022-02-01,2022,2,6
2022-02-01,2022,2,7.5
2022-03-01,2022,3,5.3
2022-03-01,2022,3,4.7
2022-03-01,2022,3,-24.9
2022-03-01,2022,3,-24.6
2022-03-01,2022,3,103.6
2022-03-01,2022,3,6.2
2022-03-01,2022,3,4.2
2022-03-01,2022,3,1.9
2022-03-01,2022,3,5
2022-03-01,2022,3,3.2
2022-03-01,2022,3,5.3
2022-04-01,2022,4,5.5
2022-04-01,2022,4,4.4
2022-04-01,2022,4,-22.6
2022-04-01,2022,4,-22.3
2022-04-01,2022,4,104.4
2022-04-01,2022,4,5.6
2022-04-01,2022,4,4.4
2022-04-01,2022,4,7.2
2022-04-01,2022,4,10.4
2022-04-01,2022,4,0.8
2022-04-01,2022,4,2.8
2022-05-01,2022,5,4.9
2022-05-01,2022,5,5
2022-05-01,2022,5,-21.8
2022-05-01,2022,5,-22.3
2022-05-01,2022,5,105.4
2022-05-01,2022,5,5
2022-05-01,2022,5,4
2022-05-01,2022,5,8.9
2022-05-01,2022,5,11.3
2022-05-01,2022,5,9.8
2022-05-01,2022,5,6.4
2022-06-01,2022,6,5.6
2022-06-01,2022,6,5.3
2022-06-01,2022,6,-22.9
2022-06-01,2022,6,-24
2022-06-01,2022,6,104.3
2022-06-01,2022,6,4.2
2022-06-01,2022,6,3.4
2022-06-01,2022,6,10.8
2022-06-01,2022,6,11.8
2022-06-01,2022,6,12.9
2022-06-01,2022,6,8.6
2022-07-01,2022,7,7.8
2022-07-01,2022,7,7.5
2022-07-01,2022,7,-27.3
2022-07-01,2022,7,-27.9
2022-07-01,2022,7,100.2
2022-07-01,2022,7,0.1
2022-07-01,2022,7,1
2022-07-01,2022,7,12.3
2022-07-01,2022,7,11.3
2022-07-01,2022,7,7.5
2022-07-01,2022,7,4.6
2022-08-01,2022,8,2.3
2022-08-01,2022,8,1.9
2022-08-01,2022,8,-24.2
2022-08-01,2022,8,-24.6
2022-08-01,2022,8,99.8
2022-08-01,2022,8,-1.1
2022-08-01,2022,8,-0.3
2022-08-01,2022,8,19.2
2022-08-01,2022,8,16.8
2022-08-01,2022,8,6.7
2022-08-01,2022,8,5.1
2022-09-01,2022,9,5.1
2022-09-01,2022,9,5.1
2022-09-01,2022,9,-26.2
2022-09-01,2022,9,-26.4
2022-09-01,2022,9,95.5
2022-09-01,2022,9,-2.7
2022-09-01,2022,9,-2.5
2022-09-01,2022,9,16.8
2022-09-01,2022,9,14.7
2022-09-01,2022,9,-3.1
2022-09-01,2022,9,-1.8
2022-10-01,2022,10,2.6
2022-10-01,2022,10,3
2022-10-01,2022,10,-27.5
2022-10-01,2022,10,-26.3
2022-10-01,2022,10,95.2
2022-10-01,2022,10,-4.5
2022-10-01,2022,10,-2.8
2022-10-01,2022,10,17.7
2022-10-01,2022,10,14
2022-10-01,2022,10,-3
2022-10-01,2022,10,0
2022-11-01,2022,11,0.8
2022-11-01,2022,11,2
2022-11-01,2022,11,-19.1
2022-11-01,2022,11,-18.1
2022-11-01,2022,11,100.1
2022-11-01,2022,11,-4.5
2022-11-01,2022,11,-1.7
2022-11-01,2022,11,18.5
2022-11-01,2022,11,16.6
2022-11-01,2022,11,0.1
2022-11-01,2022,11,2.2
2022-12-01,2022,12,3.8
2022-12-01,2022,12,5.7
2022-12-01,2022,12,-17.2
2022-12-01,2022,12,-16.7
2022-12-01,2022,12,101.1
2022-12-01,2022,12,-3.4
2022-12-01,2022,12,-1.7
2022-12-01,2022,12,14.5
2022-12-01,2022,12,16
2022-12-01,2022,12,0.2
2022-12-01,2022,12,2.5
